name,current_price,original_price,discount_pct,rating,review_count,image_url,product_url
"AULA F75 Pro Wireless Mechanical Keyboard,75% Hot Swappable Custom Keyboard with Knob,RGB Backlit,Pre-lubed Reaper Switches,Side Printed PBT Keycaps,2.4GHz/USB-C/BT5.0 Mechanical Gaming Keyboards","$18,256.17","PKR 19,217.16",Overall Pick,,,https://m.media-amazon.com/images/I/61MC8BK0w0L._AC_UY218_.jpg,https://www.amazon.com/F75-Pro/dp/B0D14N2QZF/ref=sr_1_1?crid=346Z7KIL7KAJP&dib=eyJ2IjoiMSJ9.aFu7MWiBiJUV8O72l_5_q_dAZMY4xWV9IBgQpzgHHpFyBIod4Nc1N_qU42bYgrVnbdEDLMyV0GMaiNDd9co2C0MVF3gNswTfEWpDtMlV5hBbV2GsUiEyeZxx_xjWLNBrr0GGggd3DBZTLM4V8g0y5GEbuCGNNbY_pIuq4tjhpx_AyPufPr8lQsFGUsNkyPAzGRKq7dxkxxtbT_TeyzuwVSPc5MAETwqGBX7CobFQPa4.TeUbkN5cBgEZ9IK0Isl0em7pIXLPj8cCOlTqGLaYrKM&dib_tag=se&keywords=best+gaming+keyboard&qid=1779611784&sprefix=best+gaming+keyboard%2Caps%2C680&sr=8-1
SteelSeries Apex Pro TKL Gen 3 OmniPoint 3.0 HyperMagnetic Switches — Adjustable Actuation — Rapid Trigger — Game-Ready Presets — Protection Mode — Rapid Tap/SOCD — OLED — RGB — PBT Keycaps — USB-C,"$49,300.56","PKR 66,849.21",,,,https://m.media-amazon.com/images/I/713vLZcw3FL._AC_UY218_.jpg,https://www.amazon.com/SteelSeries-Apex-Pro-TKL-Gen/dp/B0DGZLHN8G/ref=sr_1_2?crid=346Z7KIL7KAJP&dib=eyJ2IjoiMSJ9.aFu7MWiBiJUV8O72l_5_q_dAZMY4xWV9IBgQpzgHHpFyBIod4Nc1N_qU42bYgrVnbdEDLMyV0GMaiNDd9co2C0MVF3gNswTfEWpDtMlV5hBbV2GsUiEyeZxx_xjWLNBrr0GGggd3DBZTLM4V8g0y5GEbuCGNNbY_pIuq4tjhpx_AyPufPr8lQsFGUsNkyPAzGRKq7dxkxxtbT_TeyzuwVSPc5MAETwqGBX7CobFQPa4.TeUbkN5cBgEZ9IK0Isl0em7pIXLPj8cCOlTqGLaYrKM&dib_tag=se&keywords=best+gaming+keyboard&qid=1779611784&sprefix=best+gaming+keyboard%2Caps%2C680&sr=8-2
SteelSeries Apex 3 RGB Gaming Keyboard – 10-Zone RGB Illumination – IP32 Water Resistant – Premium Magnetic Wrist Rest (Whisper Quiet Gaming Switch),"$13,924.71","PKR 15,317.46",,,,https://m.media-amazon.com/images/I/61is2ZwnHEL._AC_UY218_.jpg,https://www.amazon.com/SteelSeries-Apex-RGB-Gaming-Keyboard/dp/B07ZGDPT4M/ref=sr_1_3?crid=346Z7KIL7KAJP&dib=eyJ2IjoiMSJ9.aFu7MWiBiJUV8O72l_5_q_dAZMY4xWV9IBgQpzgHHpFyBIod4Nc1N_qU42bYgrVnbdEDLMyV0GMaiNDd9co2C0MVF3gNswTfEWpDtMlV5hBbV2GsUiEyeZxx_xjWLNBrr0GGggd3DBZTLM4V8g0y5GEbuCGNNbY_pIuq4tjhpx_AyPufPr8lQsFGUsNkyPAzGRKq7dxkxxtbT_TeyzuwVSPc5MAETwqGBX7CobFQPa4.TeUbkN5cBgEZ9IK0Isl0em7pIXLPj8cCOlTqGLaYrKM&dib_tag=se&keywords=best+gaming+keyboard&qid=1779611784&sprefix=best+gaming+keyboard%2Caps%2C680&sr=8-3
"GravaStar Mercury K1 75% Wireless Mechanical Gaming Keyboard, Aluminum Alloy, Gasket Compact Custom Keyboard Hot-Swap Socket, Linear Switches, RGB Backlit - Gradient Black","$30,765.85","PKR 36,197.57",,,,https://m.media-amazon.com/images/I/6144lt2l5JL._AC_UY218_.jpg,https://www.amazon.com/GravaStar-K1-Wireless-Mechanical-Exoskeleton/dp/B0DFXV6ZPM/ref=sr_1_4?crid=346Z7KIL7KAJP&dib=eyJ2IjoiMSJ9.aFu7MWiBiJUV8O72l_5_q_dAZMY4xWV9IBgQpzgHHpFyBIod4Nc1N_qU42bYgrVnbdEDLMyV0GMaiNDd9co2C0MVF3gNswTfEWpDtMlV5hBbV2GsUiEyeZxx_xjWLNBrr0GGggd3DBZTLM4V8g0y5GEbuCGNNbY_pIuq4tjhpx_AyPufPr8lQsFGUsNkyPAzGRKq7dxkxxtbT_TeyzuwVSPc5MAETwqGBX7CobFQPa4.TeUbkN5cBgEZ9IK0Isl0em7pIXLPj8cCOlTqGLaYrKM&dib_tag=se&keywords=best+gaming+keyboard&qid=1779611784&sprefix=best+gaming+keyboard%2Caps%2C680&sr=8-4
"Redragon S101M-KS Gaming Keyboard and Mouse Wireless with Tri-Mode, RGB Keyboard and 4800 DPI Gaming Mouse, 10 Independent Multimedia Keys for Wins, PC, Computer, Wireless S101 Ideal for Gamer","$15,317.46",,,,,https://m.media-amazon.com/images/I/7165L+SRfDL._AC_UY218_.jpg,https://www.amazon.com/Redragon-S101M-KS-Keyboard-Independent-Multimedia/dp/B0DXTV9BGJ/ref=sr_1_5?crid=346Z7KIL7KAJP&dib=eyJ2IjoiMSJ9.aFu7MWiBiJUV8O72l_5_q_dAZMY4xWV9IBgQpzgHHpFyBIod4Nc1N_qU42bYgrVnbdEDLMyV0GMaiNDd9co2C0MVF3gNswTfEWpDtMlV5hBbV2GsUiEyeZxx_xjWLNBrr0GGggd3DBZTLM4V8g0y5GEbuCGNNbY_pIuq4tjhpx_AyPufPr8lQsFGUsNkyPAzGRKq7dxkxxtbT_TeyzuwVSPc5MAETwqGBX7CobFQPa4.TeUbkN5cBgEZ9IK0Isl0em7pIXLPj8cCOlTqGLaYrKM&dib_tag=se&keywords=best+gaming+keyboard&qid=1779611784&sprefix=best+gaming+keyboard%2Caps%2C680&sr=8-5
"ASUS ROG Strix Scope II 96 Wireless Mechanical Gaming Keyboard – 96% Full-Size, Tri-Mode Connectivity, Hot Swappable Pre-lubed ROG NX Snow Linear Switches, PBT Keycaps, RGB, PC/Mac Support-Black","$37,044.36","PKR 50,136.21",,,,https://m.media-amazon.com/images/I/91YxKZjwOPL._AC_UY218_.jpg,https://www.amazon.com/ASUS-II-Switch-Dampening-Hot-Swappable-PBT/dp/B0C7KFZ5TL/ref=sr_1_6?crid=346Z7KIL7KAJP&dib=eyJ2IjoiMSJ9.aFu7MWiBiJUV8O72l_5_q_dAZMY4xWV9IBgQpzgHHpFyBIod4Nc1N_qU42bYgrVnbdEDLMyV0GMaiNDd9co2C0MVF3gNswTfEWpDtMlV5hBbV2GsUiEyeZxx_xjWLNBrr0GGggd3DBZTLM4V8g0y5GEbuCGNNbY_pIuq4tjhpx_AyPufPr8lQsFGUsNkyPAzGRKq7dxkxxtbT_TeyzuwVSPc5MAETwqGBX7CobFQPa4.TeUbkN5cBgEZ9IK0Isl0em7pIXLPj8cCOlTqGLaYrKM&dib_tag=se&keywords=best+gaming+keyboard&qid=1779611784&sprefix=best+gaming+keyboard%2Caps%2C680&sr=8-6
Razer BlackWidow V4 X Mechanical Gaming Keyboard: Yellow Switches Linear & Silent - 6 Macro Keys - Chroma RGB - Doubleshot ABS Keycaps - Roller & Media Keys - Snap Tap,"$27,852.21","PKR 36,208.71",,,,https://m.media-amazon.com/images/I/71m+Xv1JKML._AC_UY218_.jpg,https://www.amazon.com/Razer-BlackWidow-Mechanical-Doubleshot-Stabilizers/dp/B0C8QYB8W6/ref=sr_1_7?crid=346Z7KIL7KAJP&dib=eyJ2IjoiMSJ9.aFu7MWiBiJUV8O72l_5_q_dAZMY4xWV9IBgQpzgHHpFyBIod4Nc1N_qU42bYgrVnbdEDLMyV0GMaiNDd9co2C0MVF3gNswTfEWpDtMlV5hBbV2GsUiEyeZxx_xjWLNBrr0GGggd3DBZTLM4V8g0y5GEbuCGNNbY_pIuq4tjhpx_AyPufPr8lQsFGUsNkyPAzGRKq7dxkxxtbT_TeyzuwVSPc5MAETwqGBX7CobFQPa4.TeUbkN5cBgEZ9IK0Isl0em7pIXLPj8cCOlTqGLaYrKM&dib_tag=se&keywords=best+gaming+keyboard&qid=1779611784&sprefix=best+gaming+keyboard%2Caps%2C680&sr=8-7
SteelSeries USB Apex 5 Hybrid Mechanical Gaming Keyboard – Per-Key RGB Illumination – Aircraft Grade Aluminum Alloy Frame – OLED Smart Display (Hybrid Blue Switch),"$27,568.09",,,,,https://m.media-amazon.com/images/I/81yd9W+0doL._AC_UY218_.jpg,https://www.amazon.com/SteelSeries-Apex-Hybrid-Mechanical-Gaming-Keyboard/dp/B07ZGDD6B1/ref=sr_1_8?crid=346Z7KIL7KAJP&dib=eyJ2IjoiMSJ9.aFu7MWiBiJUV8O72l_5_q_dAZMY4xWV9IBgQpzgHHpFyBIod4Nc1N_qU42bYgrVnbdEDLMyV0GMaiNDd9co2C0MVF3gNswTfEWpDtMlV5hBbV2GsUiEyeZxx_xjWLNBrr0GGggd3DBZTLM4V8g0y5GEbuCGNNbY_pIuq4tjhpx_AyPufPr8lQsFGUsNkyPAzGRKq7dxkxxtbT_TeyzuwVSPc5MAETwqGBX7CobFQPa4.TeUbkN5cBgEZ9IK0Isl0em7pIXLPj8cCOlTqGLaYrKM&dib_tag=se&keywords=best+gaming+keyboard&qid=1779611784&sprefix=best+gaming+keyboard%2Caps%2C680&sr=8-8
Razer Huntsman Mini 60% Gaming Keyboard: Clicky Optical Switches - Aluminum Top Frame - Chroma RGB Lighting - PBT Keycaps - Onboard Memory - Snap Tap - Black,"$20,888.46","PKR 36,208.71",,,,https://m.media-amazon.com/images/I/618etkLUt9L._AC_UY218_.jpg,https://www.amazon.com/Razer-Huntsman-Mini-Gaming-Keyboard/dp/B0F2GVF5HC/ref=sr_1_9?crid=346Z7KIL7KAJP&dib=eyJ2IjoiMSJ9.aFu7MWiBiJUV8O72l_5_q_dAZMY4xWV9IBgQpzgHHpFyBIod4Nc1N_qU42bYgrVnbdEDLMyV0GMaiNDd9co2C0MVF3gNswTfEWpDtMlV5hBbV2GsUiEyeZxx_xjWLNBrr0GGggd3DBZTLM4V8g0y5GEbuCGNNbY_pIuq4tjhpx_AyPufPr8lQsFGUsNkyPAzGRKq7dxkxxtbT_TeyzuwVSPc5MAETwqGBX7CobFQPa4.TeUbkN5cBgEZ9IK0Isl0em7pIXLPj8cCOlTqGLaYrKM&dib_tag=se&keywords=best+gaming+keyboard&qid=1779611784&sprefix=best+gaming+keyboard%2Caps%2C680&sr=8-9
"Corsair K100 RGB Optical-Mechanical Wired Gaming Keyboard - QWERTY US Layout, OPX Switches - PBT Double-Shot Keycaps - Elgato Stream Deck and iCUE Compatible - Black","$55,707.21","PKR 80,776.71",,,,https://m.media-amazon.com/images/I/71QCqjg5j8L._AC_UY218_.jpg,https://www.amazon.com/Corsair-K100-Optical-Mechanical-Gaming-Keyboard/dp/B08HR74WV4/ref=sr_1_10?crid=346Z7KIL7KAJP&dib=eyJ2IjoiMSJ9.aFu7MWiBiJUV8O72l_5_q_dAZMY4xWV9IBgQpzgHHpFyBIod4Nc1N_qU42bYgrVnbdEDLMyV0GMaiNDd9co2C0MVF3gNswTfEWpDtMlV5hBbV2GsUiEyeZxx_xjWLNBrr0GGggd3DBZTLM4V8g0y5GEbuCGNNbY_pIuq4tjhpx_AyPufPr8lQsFGUsNkyPAzGRKq7dxkxxtbT_TeyzuwVSPc5MAETwqGBX7CobFQPa4.TeUbkN5cBgEZ9IK0Isl0em7pIXLPj8cCOlTqGLaYrKM&dib_tag=se&keywords=best+gaming+keyboard&qid=1779611784&sprefix=best+gaming+keyboard%2Caps%2C680&sr=8-10
"ASUS ROG Strix Scope II X Wired USB Mechanical Gaming Keyboard – 100% Full-Size, Hot Swappable Pre-lubed ROG NX Snow V2 Linear Switches, PBT Keycaps, RGB, PC/Mac Support - Black","$36,208.71",,,,Xbox,https://m.media-amazon.com/images/I/71iyRkaBAEL._AC_UY218_.jpg,https://www.amazon.com/Strix-Scope-Wired-Mechanical-Gaming-Keyboard/dp/B0FGGZK4X7/ref=sr_1_11?crid=346Z7KIL7KAJP&dib=eyJ2IjoiMSJ9.aFu7MWiBiJUV8O72l_5_q_dAZMY4xWV9IBgQpzgHHpFyBIod4Nc1N_qU42bYgrVnbdEDLMyV0GMaiNDd9co2C0MVF3gNswTfEWpDtMlV5hBbV2GsUiEyeZxx_xjWLNBrr0GGggd3DBZTLM4V8g0y5GEbuCGNNbY_pIuq4tjhpx_AyPufPr8lQsFGUsNkyPAzGRKq7dxkxxtbT_TeyzuwVSPc5MAETwqGBX7CobFQPa4.TeUbkN5cBgEZ9IK0Isl0em7pIXLPj8cCOlTqGLaYrKM&dib_tag=se&keywords=best+gaming+keyboard&qid=1779611784&sprefix=best+gaming+keyboard%2Caps%2C680&sr=8-11
"Womier SK80 75% Keyboard with Color Multimedia Display Mechanical Gaming Keyboard Creamy Sound, Wired Hot Swappable Gasket Mount RGB Custom Key Board, Pre-lubed Stabilizer for Mac/Win, Black Kanagawa","$15,874.56",,,,,https://m.media-amazon.com/images/I/71duf0rTDqL._AC_UY218_.jpg,https://www.amazon.com/XVX-Mechanical-Swappable-Pre-lubed-Stabilizer/dp/B0C9ZJHQHM/ref=sr_1_12?crid=346Z7KIL7KAJP&dib=eyJ2IjoiMSJ9.aFu7MWiBiJUV8O72l_5_q_dAZMY4xWV9IBgQpzgHHpFyBIod4Nc1N_qU42bYgrVnbdEDLMyV0GMaiNDd9co2C0MVF3gNswTfEWpDtMlV5hBbV2GsUiEyeZxx_xjWLNBrr0GGggd3DBZTLM4V8g0y5GEbuCGNNbY_pIuq4tjhpx_AyPufPr8lQsFGUsNkyPAzGRKq7dxkxxtbT_TeyzuwVSPc5MAETwqGBX7CobFQPa4.TeUbkN5cBgEZ9IK0Isl0em7pIXLPj8cCOlTqGLaYrKM&dib_tag=se&keywords=best+gaming+keyboard&qid=1779611784&sprefix=best+gaming+keyboard%2Caps%2C680&sr=8-12
Razer Tartarus V2 Gaming Keypad: Mecha Membrane Key Switches - One Handed Keyboard - 32 Programmable Keys - Customizable Chroma RGB Lighting - Programmable Macros - Snap Tap - Black,,,,,,https://m.media-amazon.com/images/I/71r3ktfakgL._AC_UY218_.jpg,https://www.amazon.com/Razer-Tartarus-Progammable-Detachable-Mecha-Membrane/dp/B07754PYFK/ref=sr_1_13?crid=346Z7KIL7KAJP&dib=eyJ2IjoiMSJ9.aFu7MWiBiJUV8O72l_5_q_dAZMY4xWV9IBgQpzgHHpFyBIod4Nc1N_qU42bYgrVnbdEDLMyV0GMaiNDd9co2C0MVF3gNswTfEWpDtMlV5hBbV2GsUiEyeZxx_xjWLNBrr0GGggd3DBZTLM4V8g0y5GEbuCGNNbY_pIuq4tjhpx_AyPufPr8lQsFGUsNkyPAzGRKq7dxkxxtbT_TeyzuwVSPc5MAETwqGBX7CobFQPa4.TeUbkN5cBgEZ9IK0Isl0em7pIXLPj8cCOlTqGLaYrKM&dib_tag=se&keywords=best+gaming+keyboard&qid=1779611784&sprefix=best+gaming+keyboard%2Caps%2C680&sr=8-13
"AULA WIN68 HE Mechanical Gaming Keyboard 60%, Hall Effect Magnetic Switch, Fast Trigger Mode Adjustable Actuation, 8000Hz Polling Rate, RGB Backlit, Wired Black Keyboard for Laptop/PC Gamer","$11,139.21","PKR 13,924.71",,,,https://m.media-amazon.com/images/I/61uArG8glcL._AC_UY218_.jpg,https://www.amazon.com/AULA-Mechanical-Keyboard-Adjustable-Actuation/dp/B0DT43NNNF/ref=sr_1_14?crid=346Z7KIL7KAJP&dib=eyJ2IjoiMSJ9.aFu7MWiBiJUV8O72l_5_q_dAZMY4xWV9IBgQpzgHHpFyBIod4Nc1N_qU42bYgrVnbdEDLMyV0GMaiNDd9co2C0MVF3gNswTfEWpDtMlV5hBbV2GsUiEyeZxx_xjWLNBrr0GGggd3DBZTLM4V8g0y5GEbuCGNNbY_pIuq4tjhpx_AyPufPr8lQsFGUsNkyPAzGRKq7dxkxxtbT_TeyzuwVSPc5MAETwqGBX7CobFQPa4.TeUbkN5cBgEZ9IK0Isl0em7pIXLPj8cCOlTqGLaYrKM&dib_tag=se&keywords=best+gaming+keyboard&qid=1779611784&sprefix=best+gaming+keyboard%2Caps%2C680&sr=8-14
"Logitech G413 SE Full-Size Mechanical Gaming Keyboard - Backlit Keyboard with Tactile Mechanical Switches, Anti-Ghosting, Compatible with Windows, macOS - Black Aluminum",,,,,,https://m.media-amazon.com/images/I/61thTSgqWOL._AC_UY218_.jpg,https://www.amazon.com/Logitech-Full-Size-Mechanical-Anti-Ghosting-Keys-White/dp/B08Z6X4NK3/ref=sr_1_15?crid=346Z7KIL7KAJP&dib=eyJ2IjoiMSJ9.aFu7MWiBiJUV8O72l_5_q_dAZMY4xWV9IBgQpzgHHpFyBIod4Nc1N_qU42bYgrVnbdEDLMyV0GMaiNDd9co2C0MVF3gNswTfEWpDtMlV5hBbV2GsUiEyeZxx_xjWLNBrr0GGggd3DBZTLM4V8g0y5GEbuCGNNbY_pIuq4tjhpx_AyPufPr8lQsFGUsNkyPAzGRKq7dxkxxtbT_TeyzuwVSPc5MAETwqGBX7CobFQPa4.TeUbkN5cBgEZ9IK0Isl0em7pIXLPj8cCOlTqGLaYrKM&dib_tag=se&keywords=best+gaming+keyboard&qid=1779611784&sprefix=best+gaming+keyboard%2Caps%2C680&sr=8-15
"Logitech G915 X Lightspeed Low-Profile Wireless Gaming Keyboard, Double-Shot PBT Keycaps, Fully Programmable Keys, RGB Backlighting, Sleek Aluminum Finishing, GL Red Linear Switches - PC/Mac - Black","$63,228.06","PKR 72,420.21",,,,https://m.media-amazon.com/images/I/61iged2bMlL._AC_UY218_.jpg,https://www.amazon.com/Logitech-Low-Profile-Double-Shot-Programmable-Backlighting/dp/B0DB1WY5L9/ref=sr_1_16?crid=346Z7KIL7KAJP&dib=eyJ2IjoiMSJ9.aFu7MWiBiJUV8O72l_5_q_dAZMY4xWV9IBgQpzgHHpFyBIod4Nc1N_qU42bYgrVnbdEDLMyV0GMaiNDd9co2C0MVF3gNswTfEWpDtMlV5hBbV2GsUiEyeZxx_xjWLNBrr0GGggd3DBZTLM4V8g0y5GEbuCGNNbY_pIuq4tjhpx_AyPufPr8lQsFGUsNkyPAzGRKq7dxkxxtbT_TeyzuwVSPc5MAETwqGBX7CobFQPa4.TeUbkN5cBgEZ9IK0Isl0em7pIXLPj8cCOlTqGLaYrKM&dib_tag=se&keywords=best+gaming+keyboard&qid=1779611784&sprefix=best+gaming+keyboard%2Caps%2C680&sr=8-16
"AULA F99 Wireless Mechanical Keyboard,Tri-Mode BT5.0/2.4GHz/USB-C Hot Swappable Custom Keyboard,Pre-lubed Linear Switches,RGB Backlit Computer Gaming Keyboards for PC/Tablet/PS/Xbox","$18,058.40","PKR 19,011.04",,,,https://m.media-amazon.com/images/I/61mB8mL33pL._AC_UY218_.jpg,https://www.amazon.com/AULA-F99-Mechanical-Bluetooth-Swappable/dp/B0CLLHSWRL/ref=sr_1_17?crid=346Z7KIL7KAJP&dib=eyJ2IjoiMSJ9.--Cx334hlmif8kood8PM3swpwk3lffEKyfsSRw09xZNqCznWyoviXaQh1n7OOf0Rs29m_3yPK79xsGE9znAEJcXbqFVvTHFXSSrW1gRk4RY2mlTHKMXpcFOD7rH5ifso3qZB_HiPDWqfCSVMtakgTM9eDztb1S21SHus7jJgeb_sPLpBjFisuQXR32SeIre7e4SwJfsLrk6TGO8LUvYnmawtUBwwstHjE192l0auuP8.vv9H4YSBr0TOZElW0zur7Af8vdvJgGakawoUHnSAKzI&dib_tag=se&keywords=best+gaming+keyboard&qid=1779611794&sprefix=best+gaming+keyboard%2Caps%2C680&xpid=vT6Wq3pbOmWqX
"Corsair Vanguard 96 Wired Mechanical Gaming Keyboard – 96% Layout, MLX Fusion Tactile Switches, 8000Hz Polling, LCD Display, Virtual Stream Deck, G-Keys, SOCD Flashtap, QWERTY US – Black","$41,779.71","PKR 50,136.21",,,,https://m.media-amazon.com/images/I/71fjsPsNCdL._AC_UY218_.jpg,https://www.amazon.com/Corsair-Vanguard-Mechanical-Gaming-Keyboard-pc/dp/B0FKHNFR8G/ref=sr_1_18?crid=346Z7KIL7KAJP&dib=eyJ2IjoiMSJ9.--Cx334hlmif8kood8PM3swpwk3lffEKyfsSRw09xZNqCznWyoviXaQh1n7OOf0Rs29m_3yPK79xsGE9znAEJcXbqFVvTHFXSSrW1gRk4RY2mlTHKMXpcFOD7rH5ifso3qZB_HiPDWqfCSVMtakgTM9eDztb1S21SHus7jJgeb_sPLpBjFisuQXR32SeIre7e4SwJfsLrk6TGO8LUvYnmawtUBwwstHjE192l0auuP8.vv9H4YSBr0TOZElW0zur7Af8vdvJgGakawoUHnSAKzI&dib_tag=se&keywords=best+gaming+keyboard&qid=1779611794&sprefix=best+gaming+keyboard%2Caps%2C680&xpid=vT6Wq3pbOmWqX
"GravaStar Mercury K1 Lite 75% Gaming Keyboard, 2.4GHz/BT/Wired Tri-Mode Wireless Keyboard, Gasket Hot Swappable Mechanical Keyboard, Pre-lubed Linear Switches, RGB Backlit (Transparent Black)","$25,055.57",,"GravaStar Mercury K1 Lite 75% Gaming Keyboard, 2.4GHz/BT/Wired Tri-Mode Wireless Keyboard, Gasket Hot Swappable Mechanical Keyboard, Pre-lubed Linear Switches, RGB Backlit (Transparent Black)4.74.7 out of 5 stars(1.1K)400+ bought in past monthPrice, product pagePKR 25,055.57PKR25,055.57Save 10%10% off coupon appliedSave 10%with couponPKR 15,030.56 deliveryThu, Jun 4Ships to PakistanAdd to cart+3 other colors/patterns",,,https://m.media-amazon.com/images/I/715K6h7qztL._AC_UY218_.jpg,https://www.amazon.com/GravaStar-K1-Lite-Mechanical-Swappable/dp/B0DFXWQWB8/ref=sr_1_19?crid=346Z7KIL7KAJP&dib=eyJ2IjoiMSJ9.--Cx334hlmif8kood8PM3swpwk3lffEKyfsSRw09xZNqCznWyoviXaQh1n7OOf0Rs29m_3yPK79xsGE9znAEJcXbqFVvTHFXSSrW1gRk4RY2mlTHKMXpcFOD7rH5ifso3qZB_HiPDWqfCSVMtakgTM9eDztb1S21SHus7jJgeb_sPLpBjFisuQXR32SeIre7e4SwJfsLrk6TGO8LUvYnmawtUBwwstHjE192l0auuP8.vv9H4YSBr0TOZElW0zur7Af8vdvJgGakawoUHnSAKzI&dib_tag=se&keywords=best+gaming+keyboard&qid=1779611794&sprefix=best+gaming+keyboard%2Caps%2C680&xpid=vT6Wq3pbOmWqX
"Corsair Galleon 100 SD RGB Mechanical Wired Gaming Keyboard – QWERTY US, Stream Deck-Integrated, Pre-Lubed MLX Pulse Thocky Hotswappable PBT Double-Shot Switches, FlashTap SOCD, 8,000Hz – Black","$97,489.71",,,,,https://m.media-amazon.com/images/I/71+tkqze3FL._AC_UY218_.jpg,https://www.amazon.com/Corsair-Galleon-Mechanical-Gaming-Keyboard/dp/B0G3PN1VS4/ref=sr_1_20?crid=346Z7KIL7KAJP&dib=eyJ2IjoiMSJ9.--Cx334hlmif8kood8PM3swpwk3lffEKyfsSRw09xZNqCznWyoviXaQh1n7OOf0Rs29m_3yPK79xsGE9znAEJcXbqFVvTHFXSSrW1gRk4RY2mlTHKMXpcFOD7rH5ifso3qZB_HiPDWqfCSVMtakgTM9eDztb1S21SHus7jJgeb_sPLpBjFisuQXR32SeIre7e4SwJfsLrk6TGO8LUvYnmawtUBwwstHjE192l0auuP8.vv9H4YSBr0TOZElW0zur7Af8vdvJgGakawoUHnSAKzI&dib_tag=se&keywords=best+gaming+keyboard&qid=1779611794&sprefix=best+gaming+keyboard%2Caps%2C680&xpid=vT6Wq3pbOmWqX
Razer Ornata V3 Gaming Keyboard: Low Profile Keys - Mecha Membrane Switches - UV Coated Keycaps - Backlit Media Keys - 10 Zone RGB Lighting - Spill Resistant - Magnetic Wrist Wrest - Snap Tap,"$18,102.96","PKR 19,495.71",,,,https://m.media-amazon.com/images/I/71YW8+KhOwL._AC_UY218_.jpg,https://www.amazon.com/Razer-Ornata-Gaming-Keyboard-Spill-Resistant/dp/B09X6FKCBD/ref=sr_1_21?crid=346Z7KIL7KAJP&dib=eyJ2IjoiMSJ9.--Cx334hlmif8kood8PM3swpwk3lffEKyfsSRw09xZNqCznWyoviXaQh1n7OOf0Rs29m_3yPK79xsGE9znAEJcXbqFVvTHFXSSrW1gRk4RY2mlTHKMXpcFOD7rH5ifso3qZB_HiPDWqfCSVMtakgTM9eDztb1S21SHus7jJgeb_sPLpBjFisuQXR32SeIre7e4SwJfsLrk6TGO8LUvYnmawtUBwwstHjE192l0auuP8.vv9H4YSBr0TOZElW0zur7Af8vdvJgGakawoUHnSAKzI&dib_tag=se&keywords=best+gaming+keyboard&qid=1779611794&sprefix=best+gaming+keyboard%2Caps%2C680&xpid=vT6Wq3pbOmWqX
"GravaStar Mercury K1 Pro Wireless Mechanical Gaming Keyboard, 75% Layout RGB Custom Keyboard, Aluminum Alloy Matte Black Frame with Phoenix-Inspired Keycaps, Hot-Swappable Linear Switches – CyberFlare","$50,125.07","PKR 55,696.07","GravaStar Mercury K1 Pro Wireless Mechanical Gaming Keyboard, 75% Layout RGB Custom Keyboard, Aluminum Alloy Matte Black Frame with Phoenix-Inspired Keycaps, Hot-Swappable Linear Switches – CyberFlare4.84.8 out of 5 stars(626)100+ bought in past monthPrice, product pagePKR 50,125.07PKR50,125.07List: PKR 55,696.07List:PKR 55,696.07PKR55,696.07Save 10%10% off coupon appliedSave 10%with couponPKR 17,601.57 deliveryThu, Jun 4Ships to PakistanAdd to cart+3 other colors/patterns",,,https://m.media-amazon.com/images/I/71q+3zoS2OL._AC_UY218_.jpg,https://www.amazon.com/GravaStar-K1-Pro-Phoenix-Inspired-Hot-Swappable/dp/B0F66LBBLW/ref=sr_1_22?crid=346Z7KIL7KAJP&dib=eyJ2IjoiMSJ9.--Cx334hlmif8kood8PM3swpwk3lffEKyfsSRw09xZNqCznWyoviXaQh1n7OOf0Rs29m_3yPK79xsGE9znAEJcXbqFVvTHFXSSrW1gRk4RY2mlTHKMXpcFOD7rH5ifso3qZB_HiPDWqfCSVMtakgTM9eDztb1S21SHus7jJgeb_sPLpBjFisuQXR32SeIre7e4SwJfsLrk6TGO8LUvYnmawtUBwwstHjE192l0auuP8.vv9H4YSBr0TOZElW0zur7Af8vdvJgGakawoUHnSAKzI&dib_tag=se&keywords=best+gaming+keyboard&qid=1779611794&sprefix=best+gaming+keyboard%2Caps%2C680&xpid=vT6Wq3pbOmWqX
"Logitech G715 Wireless Mechanical Gaming Keyboard with LIGHTSYNC RGB, Lightspeed, Tactile Switches (GX Brown), and Keyboard Palm Rest, PC/Mac Compatible - White Mist","$44,289.45","PKR 61,278.21",,,,https://m.media-amazon.com/images/I/61k+rF3rzuL._AC_UY218_.jpg,https://www.amazon.com/Logitech-G-Wireless-Gaming-Keyboard/dp/B092LHVB4N/ref=sr_1_23?crid=346Z7KIL7KAJP&dib=eyJ2IjoiMSJ9.--Cx334hlmif8kood8PM3swpwk3lffEKyfsSRw09xZNqCznWyoviXaQh1n7OOf0Rs29m_3yPK79xsGE9znAEJcXbqFVvTHFXSSrW1gRk4RY2mlTHKMXpcFOD7rH5ifso3qZB_HiPDWqfCSVMtakgTM9eDztb1S21SHus7jJgeb_sPLpBjFisuQXR32SeIre7e4SwJfsLrk6TGO8LUvYnmawtUBwwstHjE192l0auuP8.vv9H4YSBr0TOZElW0zur7Af8vdvJgGakawoUHnSAKzI&dib_tag=se&keywords=best+gaming+keyboard&qid=1779611794&sprefix=best+gaming+keyboard%2Caps%2C680&xpid=vT6Wq3pbOmWqX
"AULA F75 75% Wireless Mechanical Keyboard, Hot Swappable Creamy Keyboard, Pre-lubed Reaper Switches, 2.4GHz/Type-C/BT5.0, RGB Backlit Gaming Keyboards(White & Blue)","$16,710.21","PKR 21,974.81",,,,https://m.media-amazon.com/images/I/61T79euEq2L._AC_UY218_.jpg,https://www.amazon.com/AULA-F75-Mechanical-Swappable-Pre-lubed/dp/B0CQ53BKWT/ref=sr_1_24?crid=346Z7KIL7KAJP&dib=eyJ2IjoiMSJ9.--Cx334hlmif8kood8PM3swpwk3lffEKyfsSRw09xZNqCznWyoviXaQh1n7OOf0Rs29m_3yPK79xsGE9znAEJcXbqFVvTHFXSSrW1gRk4RY2mlTHKMXpcFOD7rH5ifso3qZB_HiPDWqfCSVMtakgTM9eDztb1S21SHus7jJgeb_sPLpBjFisuQXR32SeIre7e4SwJfsLrk6TGO8LUvYnmawtUBwwstHjE192l0auuP8.vv9H4YSBr0TOZElW0zur7Af8vdvJgGakawoUHnSAKzI&dib_tag=se&keywords=best+gaming+keyboard&qid=1779611794&sprefix=best+gaming+keyboard%2Caps%2C680&xpid=vT6Wq3pbOmWqX
"ASUS ROG Azoth Wireless Mechanical Gaming Keyboard – 75% TKL, Tri-Mode Connectivity, Hot Swappable Pre-lubed ROG NX Snow Linear Switches, PBT Keycaps, RGB, OLED Display, PC/Mac Support - Black","$52,921.71",,,,,https://m.media-amazon.com/images/I/61UvNbsmDrL._AC_UY218_.jpg,https://www.amazon.com/ASUS-ROG-Gasket-Mount-Hot-Swappable-PBT/dp/B0CP6J59XB/ref=sr_1_25?crid=346Z7KIL7KAJP&dib=eyJ2IjoiMSJ9.--Cx334hlmif8kood8PM3swpwk3lffEKyfsSRw09xZNqCznWyoviXaQh1n7OOf0Rs29m_3yPK79xsGE9znAEJcXbqFVvTHFXSSrW1gRk4RY2mlTHKMXpcFOD7rH5ifso3qZB_HiPDWqfCSVMtakgTM9eDztb1S21SHus7jJgeb_sPLpBjFisuQXR32SeIre7e4SwJfsLrk6TGO8LUvYnmawtUBwwstHjE192l0auuP8.vv9H4YSBr0TOZElW0zur7Af8vdvJgGakawoUHnSAKzI&dib_tag=se&keywords=best+gaming+keyboard&qid=1779611794&sprefix=best+gaming+keyboard%2Caps%2C680&xpid=vT6Wq3pbOmWqX
"Redragon K552 Mechanical Gaming Keyboard, 87-Key Compact, LED Gaming Keyboard with Red Switches, Anti-Ghosting, Metal Frame for PC Gaming & Typing, Beginner-Friendly (Black)","$10,303.56",,,,,https://m.media-amazon.com/images/I/71FSIp+tDNL._AC_UY218_.jpg,https://www.amazon.com/Redragon-K552-Mechanical-Keyboard-Equivalent/dp/B016MAK38U/ref=sr_1_26?crid=346Z7KIL7KAJP&dib=eyJ2IjoiMSJ9.--Cx334hlmif8kood8PM3swpwk3lffEKyfsSRw09xZNqCznWyoviXaQh1n7OOf0Rs29m_3yPK79xsGE9znAEJcXbqFVvTHFXSSrW1gRk4RY2mlTHKMXpcFOD7rH5ifso3qZB_HiPDWqfCSVMtakgTM9eDztb1S21SHus7jJgeb_sPLpBjFisuQXR32SeIre7e4SwJfsLrk6TGO8LUvYnmawtUBwwstHjE192l0auuP8.vv9H4YSBr0TOZElW0zur7Af8vdvJgGakawoUHnSAKzI&dib_tag=se&keywords=best+gaming+keyboard&qid=1779611794&sprefix=best+gaming+keyboard%2Caps%2C680&xpid=vT6Wq3pbOmWqX
"Logitech G PRO Mechanical Gaming Keyboard, Ultra Portable Tenkeyless Design, Detachable Micro USB Cable, 16.8 Million Color LIGHTSYNC RGB Backlit Keys","$23,395.41","PKR 33,423.21",,,,https://m.media-amazon.com/images/I/51K1mE5uVyL._AC_UY218_.jpg,https://www.amazon.com/Logitech-Mechanical-Tenkeyless-Detachable-LIGHTSYNC/dp/B07QQB9VCV/ref=sr_1_27?crid=346Z7KIL7KAJP&dib=eyJ2IjoiMSJ9.--Cx334hlmif8kood8PM3swpwk3lffEKyfsSRw09xZNqCznWyoviXaQh1n7OOf0Rs29m_3yPK79xsGE9znAEJcXbqFVvTHFXSSrW1gRk4RY2mlTHKMXpcFOD7rH5ifso3qZB_HiPDWqfCSVMtakgTM9eDztb1S21SHus7jJgeb_sPLpBjFisuQXR32SeIre7e4SwJfsLrk6TGO8LUvYnmawtUBwwstHjE192l0auuP8.vv9H4YSBr0TOZElW0zur7Af8vdvJgGakawoUHnSAKzI&dib_tag=se&keywords=best+gaming+keyboard&qid=1779611794&sprefix=best+gaming+keyboard%2Caps%2C680&xpid=vT6Wq3pbOmWqX
"Kisnt KN85 Wireless Mechanical Gaming Keyboard, 75% Layout with RGB Backlit, Custom Hot Swappable, Creamy Sound, Bluetooth/2.4GHz/USB-C Compatible with Windows/Mac/PC(Retro Beige,Linear Switch)","$10,777.10","PKR 11,974.86",,,,https://m.media-amazon.com/images/I/714ycqhrb5L._AC_UY218_.jpg,https://www.amazon.com/Kisnt-Wireless-Mechanical-Bluetooth-Swappable/dp/B0DBZGH5XM/ref=sr_1_28?crid=346Z7KIL7KAJP&dib=eyJ2IjoiMSJ9.--Cx334hlmif8kood8PM3swpwk3lffEKyfsSRw09xZNqCznWyoviXaQh1n7OOf0Rs29m_3yPK79xsGE9znAEJcXbqFVvTHFXSSrW1gRk4RY2mlTHKMXpcFOD7rH5ifso3qZB_HiPDWqfCSVMtakgTM9eDztb1S21SHus7jJgeb_sPLpBjFisuQXR32SeIre7e4SwJfsLrk6TGO8LUvYnmawtUBwwstHjE192l0auuP8.vv9H4YSBr0TOZElW0zur7Af8vdvJgGakawoUHnSAKzI&dib_tag=se&keywords=best+gaming+keyboard&qid=1779611794&sprefix=best+gaming+keyboard%2Caps%2C680&xpid=vT6Wq3pbOmWqX
Razer Huntsman V3 Pro 8KHz Esports Gaming Keyboard: Analog Optical Switches Gen 2-8000 Hz Polling Snap Tap - Rapid Trigger - Adjustable Actuation - Media Controls - PBT Keycaps - Black,"$69,634.71",,,,,https://m.media-amazon.com/images/I/81g0bjCPYOL._AC_UY218_.jpg,https://www.amazon.com/Razer-Huntsman-Esports-Gaming-Keyboard/dp/B0FRPHGXJZ/ref=sr_1_29?crid=346Z7KIL7KAJP&dib=eyJ2IjoiMSJ9.--Cx334hlmif8kood8PM3swpwk3lffEKyfsSRw09xZNqCznWyoviXaQh1n7OOf0Rs29m_3yPK79xsGE9znAEJcXbqFVvTHFXSSrW1gRk4RY2mlTHKMXpcFOD7rH5ifso3qZB_HiPDWqfCSVMtakgTM9eDztb1S21SHus7jJgeb_sPLpBjFisuQXR32SeIre7e4SwJfsLrk6TGO8LUvYnmawtUBwwstHjE192l0auuP8.vv9H4YSBr0TOZElW0zur7Af8vdvJgGakawoUHnSAKzI&dib_tag=se&keywords=best+gaming+keyboard&qid=1779611794&sprefix=best+gaming+keyboard%2Caps%2C680&xpid=vT6Wq3pbOmWqX
"Redragon Mechanical Gaming Keyboard Wired, 11 Programmable Backlit Modes, Hot-Swappable Red Switch, Anti-Ghosting, Double-Shot PBT Keycaps, Light Up Keyboard for PC Mac","$8,353.71",,"Redragon Mechanical Gaming Keyboard Wired, 11 Programmable Backlit Modes, Hot-Swappable Red Switch, Anti-Ghosting, Double-Shot PBT Keycaps, Light Up Keyboard for PC Mac4.34.3 out of 5 stars(6.5K)2K+ bought in past monthPrice, product pagePKR 8,353.71PKR8,353.71Save 7%7% off coupon appliedSave 7%with couponPKR 14,016.64 deliveryThu, Jun 4Ships to PakistanAdd to cart",,,https://m.media-amazon.com/images/I/71Bk2A2WmOL._AC_UY218_.jpg,https://www.amazon.com/Redragon-Programmable-Hot-Swappable-Anti-Ghosting-Double-Shot/dp/B0CF3VGQFL/ref=sr_1_30?crid=346Z7KIL7KAJP&dib=eyJ2IjoiMSJ9.--Cx334hlmif8kood8PM3swpwk3lffEKyfsSRw09xZNqCznWyoviXaQh1n7OOf0Rs29m_3yPK79xsGE9znAEJcXbqFVvTHFXSSrW1gRk4RY2mlTHKMXpcFOD7rH5ifso3qZB_HiPDWqfCSVMtakgTM9eDztb1S21SHus7jJgeb_sPLpBjFisuQXR32SeIre7e4SwJfsLrk6TGO8LUvYnmawtUBwwstHjE192l0auuP8.vv9H4YSBr0TOZElW0zur7Af8vdvJgGakawoUHnSAKzI&dib_tag=se&keywords=best+gaming+keyboard&qid=1779611794&sprefix=best+gaming+keyboard%2Caps%2C680&xpid=vT6Wq3pbOmWqX
"AULA S99 Gaming Keyboard, Wireless Computer Keyboards, Tri-Mode Bluetooth/2.4GHz/USB-C Custom Creamy Keyboard with Number Pad, RGB Backlit Media Knob Cute Programmable Keyboard for PC Gamer - Green","$10,025.01",,,,,https://m.media-amazon.com/images/I/61r9aziJGFL._AC_UY218_.jpg,https://www.amazon.com/AULA-S99-Keyboards-Bluetooth-Programmable/dp/B0DZ28ZGYL/ref=sr_1_31?crid=346Z7KIL7KAJP&dib=eyJ2IjoiMSJ9.--Cx334hlmif8kood8PM3swpwk3lffEKyfsSRw09xZNqCznWyoviXaQh1n7OOf0Rs29m_3yPK79xsGE9znAEJcXbqFVvTHFXSSrW1gRk4RY2mlTHKMXpcFOD7rH5ifso3qZB_HiPDWqfCSVMtakgTM9eDztb1S21SHus7jJgeb_sPLpBjFisuQXR32SeIre7e4SwJfsLrk6TGO8LUvYnmawtUBwwstHjE192l0auuP8.vv9H4YSBr0TOZElW0zur7Af8vdvJgGakawoUHnSAKzI&dib_tag=se&keywords=best+gaming+keyboard&qid=1779611794&sprefix=best+gaming+keyboard%2Caps%2C680&xpid=vT6Wq3pbOmWqX
"Redragon K556 RGB LED Backlit Wired Mechanical Gaming Keyboard, 104 Keys Hot-Swap Mechanical Keyboard w/Aluminum Base, Upgraded Socket and Noise Absorbing Foams, Soft Tactile Brown Switch","$15,038.91","PKR 16,710.21",,,,https://m.media-amazon.com/images/I/71KBeJ1nz6L._AC_UY218_.jpg,https://www.amazon.com/Redragon-K556-Mechanical-Keyboard-Aluminum/dp/B01NAI2TXC/ref=sr_1_32?crid=346Z7KIL7KAJP&dib=eyJ2IjoiMSJ9.--Cx334hlmif8kood8PM3swpwk3lffEKyfsSRw09xZNqCznWyoviXaQh1n7OOf0Rs29m_3yPK79xsGE9znAEJcXbqFVvTHFXSSrW1gRk4RY2mlTHKMXpcFOD7rH5ifso3qZB_HiPDWqfCSVMtakgTM9eDztb1S21SHus7jJgeb_sPLpBjFisuQXR32SeIre7e4SwJfsLrk6TGO8LUvYnmawtUBwwstHjE192l0auuP8.vv9H4YSBr0TOZElW0zur7Af8vdvJgGakawoUHnSAKzI&dib_tag=se&keywords=best+gaming+keyboard&qid=1779611794&sprefix=best+gaming+keyboard%2Caps%2C680&xpid=vT6Wq3pbOmWqX
"AULA S75 PRO Wireless Mechanical Keyboard with Screen&Knob, Tri-Mode Hot Swappable Gaming Keyboard 75%, Pre-lubed Switches, RGB Backlit, Side Printed PBT Keycaps, Creamy Sounding Computer Keyboards","$20,052.81","PKR 23,116.86",,,,https://m.media-amazon.com/images/I/71iz1MXIpzL._AC_UY218_.jpg,https://www.amazon.com/AULA-S75-Mechanical-Swappable-Pre-lubed/dp/B0FQJ3HBBW/ref=sr_1_33?crid=346Z7KIL7KAJP&dib=eyJ2IjoiMSJ9.jL7fjyKR77dYH3KL2JDK7iWEAFU_hOe6pbjfi_fEEgTz41PHEc7aX9mbIdbpp7RsSz3dl9DUJIN3rqd4nQeyJxZUOrtnaGElOdZ0baQaNYaNH1_naM0MKMm2KZ8ZF_9Z6RVODzICcs6ReLiefKNX47_Z6bm77eOoIOEzSEPv_eyckLjHLWvQGhc38wqNtGMfPTgCvDIdVdQaObNj-tZN5C7SjdNtjYmxzCh6HrMrXUY.EI7o2OrPVNPULsnFRAo8chPa3UmHhz80hujjl0tuIYI&dib_tag=se&keywords=best+gaming+keyboard&qid=1779611805&sprefix=best+gaming+keyboard%2Caps%2C680&xpid=vT6Wq3pbOmWqX
"TECKNET Gaming Keyboard, USB Wired Computer Keyboard, 15-Zone RGB Illumination, IP32 Water Resistance, 25 Anti-ghosting Keys, All-Metal Panel (Whisper Quiet Gaming Switch)","$8,256.22","PKR 8,910.81",,,,https://m.media-amazon.com/images/I/714WvRlURgL._AC_UY218_.jpg,https://www.amazon.com/TECKNET-All-Metal-Illumination-Anti-ghosting-Resistance/dp/B0D17C3ZVJ/ref=sr_1_34?crid=346Z7KIL7KAJP&dib=eyJ2IjoiMSJ9.jL7fjyKR77dYH3KL2JDK7iWEAFU_hOe6pbjfi_fEEgTz41PHEc7aX9mbIdbpp7RsSz3dl9DUJIN3rqd4nQeyJxZUOrtnaGElOdZ0baQaNYaNH1_naM0MKMm2KZ8ZF_9Z6RVODzICcs6ReLiefKNX47_Z6bm77eOoIOEzSEPv_eyckLjHLWvQGhc38wqNtGMfPTgCvDIdVdQaObNj-tZN5C7SjdNtjYmxzCh6HrMrXUY.EI7o2OrPVNPULsnFRAo8chPa3UmHhz80hujjl0tuIYI&dib_tag=se&keywords=best+gaming+keyboard&qid=1779611805&sprefix=best+gaming+keyboard%2Caps%2C680&xpid=vT6Wq3pbOmWqX
"HyperX Alloy Origins 60 - Mechanical Gaming Keyboard, Ultra Compact 60% Form Factor, Double Shot PBT Keycaps, RGB LED Backlit, NGENUITY Software Compatible - Linear HyperX Red Switch,Black",,,,,,https://m.media-amazon.com/images/I/71LZTxxNVxL._AC_UY218_.jpg,https://www.amazon.com/HyperX-Alloy-Origins-Mechanical-Compatible/dp/B08XBQ79MN/ref=sr_1_35?crid=346Z7KIL7KAJP&dib=eyJ2IjoiMSJ9.jL7fjyKR77dYH3KL2JDK7iWEAFU_hOe6pbjfi_fEEgTz41PHEc7aX9mbIdbpp7RsSz3dl9DUJIN3rqd4nQeyJxZUOrtnaGElOdZ0baQaNYaNH1_naM0MKMm2KZ8ZF_9Z6RVODzICcs6ReLiefKNX47_Z6bm77eOoIOEzSEPv_eyckLjHLWvQGhc38wqNtGMfPTgCvDIdVdQaObNj-tZN5C7SjdNtjYmxzCh6HrMrXUY.EI7o2OrPVNPULsnFRAo8chPa3UmHhz80hujjl0tuIYI&dib_tag=se&keywords=best+gaming+keyboard&qid=1779611805&sprefix=best+gaming+keyboard%2Caps%2C680&xpid=vT6Wq3pbOmWqX
"AULA F108 PRO - Wireless Mechanical Keyboard with Screen & Knob,Full Size Keyboard with 8000mAh Battery,Pre-lubed Switches,Side Printed PBT Keycaps,RGB Backlit Hot Swappable Custom Gaming Keyboards","$25,066.71","PKR 29,523.51",,,,https://m.media-amazon.com/images/I/61bBov3WvhL._AC_UY218_.jpg,https://www.amazon.com/AULA-F108-PRO-Mechanical-Pre-lubed/dp/B0F2MNWCB6/ref=sr_1_36?crid=346Z7KIL7KAJP&dib=eyJ2IjoiMSJ9.jL7fjyKR77dYH3KL2JDK7iWEAFU_hOe6pbjfi_fEEgTz41PHEc7aX9mbIdbpp7RsSz3dl9DUJIN3rqd4nQeyJxZUOrtnaGElOdZ0baQaNYaNH1_naM0MKMm2KZ8ZF_9Z6RVODzICcs6ReLiefKNX47_Z6bm77eOoIOEzSEPv_eyckLjHLWvQGhc38wqNtGMfPTgCvDIdVdQaObNj-tZN5C7SjdNtjYmxzCh6HrMrXUY.EI7o2OrPVNPULsnFRAo8chPa3UmHhz80hujjl0tuIYI&dib_tag=se&keywords=best+gaming+keyboard&qid=1779611805&sprefix=best+gaming+keyboard%2Caps%2C680&xpid=vT6Wq3pbOmWqX
"Corsair K70 PRO TKL RGB Tenkeyless Mechanical Wired Gaming Keyboard – Pre-Lubed Hall Effect MGX Hyperdrive Adjustable Switches, Simultaneous SOCD and Rapid Trigger, ABS Double-Shot, QWERTY NA – Black","$33,423.21","PKR 47,350.71",,,,https://m.media-amazon.com/images/I/8113Zj6ES8L._AC_UY218_.jpg,https://www.amazon.com/Corsair-Tenkeyless-Mechanical-Gaming-Keyboard/dp/B0D83TJ5RB/ref=sr_1_37?crid=346Z7KIL7KAJP&dib=eyJ2IjoiMSJ9.jL7fjyKR77dYH3KL2JDK7iWEAFU_hOe6pbjfi_fEEgTz41PHEc7aX9mbIdbpp7RsSz3dl9DUJIN3rqd4nQeyJxZUOrtnaGElOdZ0baQaNYaNH1_naM0MKMm2KZ8ZF_9Z6RVODzICcs6ReLiefKNX47_Z6bm77eOoIOEzSEPv_eyckLjHLWvQGhc38wqNtGMfPTgCvDIdVdQaObNj-tZN5C7SjdNtjYmxzCh6HrMrXUY.EI7o2OrPVNPULsnFRAo8chPa3UmHhz80hujjl0tuIYI&dib_tag=se&keywords=best+gaming+keyboard&qid=1779611805&sprefix=best+gaming+keyboard%2Caps%2C680&xpid=vT6Wq3pbOmWqX
"AULA S98 Pro Wireless Mechanical Keyboard with Screen & Knob,2.4GHz/USB-C/BT5.0 Hot Swappable Creamy Keyboard,Pre-lubed Linear Switches,Side Printed PBT Keycaps,RGB Backlit Gaming Keyboards","$21,167.01","PKR 25,066.71",,,,https://m.media-amazon.com/images/I/71+WPdLb6tL._AC_UY218_.jpg,https://www.amazon.com/AULA-S98-Pro-Mechanical-Swappable/dp/B0DKNLMD9D/ref=sr_1_38?crid=346Z7KIL7KAJP&dib=eyJ2IjoiMSJ9.jL7fjyKR77dYH3KL2JDK7iWEAFU_hOe6pbjfi_fEEgTz41PHEc7aX9mbIdbpp7RsSz3dl9DUJIN3rqd4nQeyJxZUOrtnaGElOdZ0baQaNYaNH1_naM0MKMm2KZ8ZF_9Z6RVODzICcs6ReLiefKNX47_Z6bm77eOoIOEzSEPv_eyckLjHLWvQGhc38wqNtGMfPTgCvDIdVdQaObNj-tZN5C7SjdNtjYmxzCh6HrMrXUY.EI7o2OrPVNPULsnFRAo8chPa3UmHhz80hujjl0tuIYI&dib_tag=se&keywords=best+gaming+keyboard&qid=1779611805&sprefix=best+gaming+keyboard%2Caps%2C680&xpid=vT6Wq3pbOmWqX
"ASUS ROG Falchion Ace HFX Hall Effect Gaming Keyboard – 65% TKL, Dual USB-C, Magnetic Switches, Rapid Trigger, Speed Tap, 8000 Hz Polling, Touch Panel, Portable, Protective Cover, PBT Keycaps - Black","$37,601.46","PKR 55,707.21",,,,https://m.media-amazon.com/images/I/81L0dLrBkdL._AC_UY218_.jpg,https://www.amazon.com/Falchion-Hall-Effect-Gaming-Keyboard-PC/dp/B0DG7H487F/ref=sr_1_39?crid=346Z7KIL7KAJP&dib=eyJ2IjoiMSJ9.jL7fjyKR77dYH3KL2JDK7iWEAFU_hOe6pbjfi_fEEgTz41PHEc7aX9mbIdbpp7RsSz3dl9DUJIN3rqd4nQeyJxZUOrtnaGElOdZ0baQaNYaNH1_naM0MKMm2KZ8ZF_9Z6RVODzICcs6ReLiefKNX47_Z6bm77eOoIOEzSEPv_eyckLjHLWvQGhc38wqNtGMfPTgCvDIdVdQaObNj-tZN5C7SjdNtjYmxzCh6HrMrXUY.EI7o2OrPVNPULsnFRAo8chPa3UmHhz80hujjl0tuIYI&dib_tag=se&keywords=best+gaming+keyboard&qid=1779611805&sprefix=best+gaming+keyboard%2Caps%2C680&xpid=vT6Wq3pbOmWqX
"AOC GK330 Gaming Keyboard, Hot Swappable Wireless Mechanical Keyboard Support BT/2.4GHz/USB-C, RGB Backlit, Pre-lubed Reaper Switches, Anti-ghosting, 75% Gasket Custom Keyboard with Five-Layer Padding","$11,139.21","PKR 13,924.71",,,,https://m.media-amazon.com/images/I/71hsglnMKhL._AC_UY218_.jpg,https://www.amazon.com/AOC-GK330-Mechanical-Anti-ghosting-Five-Layer/dp/B0GJ4WYQ5B/ref=sr_1_40?crid=346Z7KIL7KAJP&dib=eyJ2IjoiMSJ9.jL7fjyKR77dYH3KL2JDK7iWEAFU_hOe6pbjfi_fEEgTz41PHEc7aX9mbIdbpp7RsSz3dl9DUJIN3rqd4nQeyJxZUOrtnaGElOdZ0baQaNYaNH1_naM0MKMm2KZ8ZF_9Z6RVODzICcs6ReLiefKNX47_Z6bm77eOoIOEzSEPv_eyckLjHLWvQGhc38wqNtGMfPTgCvDIdVdQaObNj-tZN5C7SjdNtjYmxzCh6HrMrXUY.EI7o2OrPVNPULsnFRAo8chPa3UmHhz80hujjl0tuIYI&dib_tag=se&keywords=best+gaming+keyboard&qid=1779611805&sprefix=best+gaming+keyboard%2Caps%2C680&xpid=vT6Wq3pbOmWqX
"ASUS ROG Azoth Extreme Wireless Mechanical Gaming Keyboard – 75% TKL, ROG NX Snow Linear Switches, PBT Keycaps, Aluminum Chassis, Carbon Fiber, Gasket Mount, Color OLED Screen, PC/Mac Support - Black","$139,272.21",,,,,https://m.media-amazon.com/images/I/81UvrysuL4L._AC_UY218_.jpg,https://www.amazon.com/ASUS-Extreme-Wireless-Mechanical-Keyboard/dp/B0D45ZHYZJ/ref=sr_1_41?crid=346Z7KIL7KAJP&dib=eyJ2IjoiMSJ9.jL7fjyKR77dYH3KL2JDK7iWEAFU_hOe6pbjfi_fEEgTz41PHEc7aX9mbIdbpp7RsSz3dl9DUJIN3rqd4nQeyJxZUOrtnaGElOdZ0baQaNYaNH1_naM0MKMm2KZ8ZF_9Z6RVODzICcs6ReLiefKNX47_Z6bm77eOoIOEzSEPv_eyckLjHLWvQGhc38wqNtGMfPTgCvDIdVdQaObNj-tZN5C7SjdNtjYmxzCh6HrMrXUY.EI7o2OrPVNPULsnFRAo8chPa3UmHhz80hujjl0tuIYI&dib_tag=se&keywords=best+gaming+keyboard&qid=1779611805&sprefix=best+gaming+keyboard%2Caps%2C680&xpid=vT6Wq3pbOmWqX
"Redragon K742 Wireless Mechanical Gaming Keyboard with Knob, Bluetooth 5.0/2.4GHz/USB C Wired Creamy Keyboard with Number Pad for PC Computer, RGB Backlits, Hot-Swappable with Linear Switches (Black)","$18,102.96",,,,,https://m.media-amazon.com/images/I/61Yv5FQk-XL._AC_UY218_.jpg,https://www.amazon.com/Redragon-K742-Mechanical-Bluetooth-Swappable/dp/B0F93FMYD5/ref=sr_1_42?crid=346Z7KIL7KAJP&dib=eyJ2IjoiMSJ9.jL7fjyKR77dYH3KL2JDK7iWEAFU_hOe6pbjfi_fEEgTz41PHEc7aX9mbIdbpp7RsSz3dl9DUJIN3rqd4nQeyJxZUOrtnaGElOdZ0baQaNYaNH1_naM0MKMm2KZ8ZF_9Z6RVODzICcs6ReLiefKNX47_Z6bm77eOoIOEzSEPv_eyckLjHLWvQGhc38wqNtGMfPTgCvDIdVdQaObNj-tZN5C7SjdNtjYmxzCh6HrMrXUY.EI7o2OrPVNPULsnFRAo8chPa3UmHhz80hujjl0tuIYI&dib_tag=se&keywords=best+gaming+keyboard&qid=1779611805&sprefix=best+gaming+keyboard%2Caps%2C680&xpid=vT6Wq3pbOmWqX
Razer BlackWidow V4 Pro Wired Mechanical Gaming Keyboard: Green Switches Tactile & Clicky - Doubleshot ABS Keycaps - Command Dial - Chroma RGB - Magnetic Wrist Rest - Snap Tap,,,,,,https://m.media-amazon.com/images/I/81Wsrt05uLL._AC_UY218_.jpg,https://www.amazon.com/Razer-BlackWidow-Mechanical-Gaming-Keyboard/dp/B0BT3VC25K/ref=sr_1_43?crid=346Z7KIL7KAJP&dib=eyJ2IjoiMSJ9.jL7fjyKR77dYH3KL2JDK7iWEAFU_hOe6pbjfi_fEEgTz41PHEc7aX9mbIdbpp7RsSz3dl9DUJIN3rqd4nQeyJxZUOrtnaGElOdZ0baQaNYaNH1_naM0MKMm2KZ8ZF_9Z6RVODzICcs6ReLiefKNX47_Z6bm77eOoIOEzSEPv_eyckLjHLWvQGhc38wqNtGMfPTgCvDIdVdQaObNj-tZN5C7SjdNtjYmxzCh6HrMrXUY.EI7o2OrPVNPULsnFRAo8chPa3UmHhz80hujjl0tuIYI&dib_tag=se&keywords=best+gaming+keyboard&qid=1779611805&sprefix=best+gaming+keyboard%2Caps%2C680&xpid=vT6Wq3pbOmWqX
"AULA Hero 68 HE 60% Gaming Keyboard Wired, Hall Effect Magnetic Switch Keyboard with Adjustable Actuation, Fast Trigger Mode, 8K Hz Polling Rate, 0.125ms Latency,Side Printed PBT Keycaps, RGB Backlit","$16,710.21","PKR 19,495.71",,,,https://m.media-amazon.com/images/I/71V+PkT4Y2L._AC_UY218_.jpg,https://www.amazon.com/AULA-68-HE-Adjustable-Actuation/dp/B0F191HYH2/ref=sr_1_44?crid=346Z7KIL7KAJP&dib=eyJ2IjoiMSJ9.jL7fjyKR77dYH3KL2JDK7iWEAFU_hOe6pbjfi_fEEgTz41PHEc7aX9mbIdbpp7RsSz3dl9DUJIN3rqd4nQeyJxZUOrtnaGElOdZ0baQaNYaNH1_naM0MKMm2KZ8ZF_9Z6RVODzICcs6ReLiefKNX47_Z6bm77eOoIOEzSEPv_eyckLjHLWvQGhc38wqNtGMfPTgCvDIdVdQaObNj-tZN5C7SjdNtjYmxzCh6HrMrXUY.EI7o2OrPVNPULsnFRAo8chPa3UmHhz80hujjl0tuIYI&dib_tag=se&keywords=best+gaming+keyboard&qid=1779611805&sprefix=best+gaming+keyboard%2Caps%2C680&xpid=vT6Wq3pbOmWqX
"RedThunder K10 Wired Gaming Keyboard and Mouse and Wrist Rest Combo, RGB Backlit, Mechanical Feel Anti-ghosting Keyboard + 7D 7200 DPI Mice+Soft Leather Wrist Rest 3 in 1 PC Gamer Accessories(Black)","$11,139.21",,,,,https://m.media-amazon.com/images/I/71RyPHQp6ML._AC_UY218_.jpg,https://www.amazon.com/RedThunder-Keyboard-Mechanical-Anti-ghosting-Accessories/dp/B09N9FR2FH/ref=sr_1_45?crid=346Z7KIL7KAJP&dib=eyJ2IjoiMSJ9.jL7fjyKR77dYH3KL2JDK7iWEAFU_hOe6pbjfi_fEEgTz41PHEc7aX9mbIdbpp7RsSz3dl9DUJIN3rqd4nQeyJxZUOrtnaGElOdZ0baQaNYaNH1_naM0MKMm2KZ8ZF_9Z6RVODzICcs6ReLiefKNX47_Z6bm77eOoIOEzSEPv_eyckLjHLWvQGhc38wqNtGMfPTgCvDIdVdQaObNj-tZN5C7SjdNtjYmxzCh6HrMrXUY.EI7o2OrPVNPULsnFRAo8chPa3UmHhz80hujjl0tuIYI&dib_tag=se&keywords=best+gaming+keyboard&qid=1779611805&sprefix=best+gaming+keyboard%2Caps%2C680&xpid=vT6Wq3pbOmWqX
"SOLAKAKA KI99 Pro Wireless Mechanical Keyboard with Quiet Switch, Hot Swappable Pre-Lubed Switches with RGB Backlit, Gasket Structure Computer Gaming Keyboard (BlackBlue, Silent Switch)","$18,632.21","PKR 22,253.36",,,,https://m.media-amazon.com/images/I/61tA+J22rYL._AC_UY218_.jpg,https://www.amazon.com/SOLAKAKA-Mechanical-Swappable-Pre-Lubed-Structure/dp/B0FWCG4NDG/ref=sr_1_46?crid=346Z7KIL7KAJP&dib=eyJ2IjoiMSJ9.jL7fjyKR77dYH3KL2JDK7iWEAFU_hOe6pbjfi_fEEgTz41PHEc7aX9mbIdbpp7RsSz3dl9DUJIN3rqd4nQeyJxZUOrtnaGElOdZ0baQaNYaNH1_naM0MKMm2KZ8ZF_9Z6RVODzICcs6ReLiefKNX47_Z6bm77eOoIOEzSEPv_eyckLjHLWvQGhc38wqNtGMfPTgCvDIdVdQaObNj-tZN5C7SjdNtjYmxzCh6HrMrXUY.EI7o2OrPVNPULsnFRAo8chPa3UmHhz80hujjl0tuIYI&dib_tag=se&keywords=best+gaming+keyboard&qid=1779611805&sprefix=best+gaming+keyboard%2Caps%2C680&xpid=vT6Wq3pbOmWqX
"Logitech G515 Lightspeed TKL Low Profile Wireless Gaming Keyboard, LIGHTSYNC RGB, Thin Tenkeyless Design, Double-Shot PBT Keycaps, Linear (Red) Mechanical Switches - Black","$44,565.21",,,,,https://m.media-amazon.com/images/I/61VvvVl6VCL._AC_UY218_.jpg,https://www.amazon.com/Logitech-Lightspeed-Tenkeyless-Double-Shot-Mechanical/dp/B0D1FMK1NH/ref=sr_1_47?crid=346Z7KIL7KAJP&dib=eyJ2IjoiMSJ9.jL7fjyKR77dYH3KL2JDK7iWEAFU_hOe6pbjfi_fEEgTz41PHEc7aX9mbIdbpp7RsSz3dl9DUJIN3rqd4nQeyJxZUOrtnaGElOdZ0baQaNYaNH1_naM0MKMm2KZ8ZF_9Z6RVODzICcs6ReLiefKNX47_Z6bm77eOoIOEzSEPv_eyckLjHLWvQGhc38wqNtGMfPTgCvDIdVdQaObNj-tZN5C7SjdNtjYmxzCh6HrMrXUY.EI7o2OrPVNPULsnFRAo8chPa3UmHhz80hujjl0tuIYI&dib_tag=se&keywords=best+gaming+keyboard&qid=1779611805&sprefix=best+gaming+keyboard%2Caps%2C680&xpid=vT6Wq3pbOmWqX
"RK ROYAL KLUDGE R98 Pro Wired Mechanical Keyboard, 96% Creamy Gaming Keyboard RGB Backlit with Number Pad and Volume Knob, Gasket Mount, MDA Profile PBT Keycaps, Hot Swappable Pre-lubed Linear Switch","$19,495.71",,"RK ROYAL KLUDGE R98 Pro Wired Mechanical Keyboard, 96% Creamy Gaming Keyboard RGB Backlit with Number Pad and Volume Knob, Gasket Mount, MDA Profile PBT Keycaps, Hot Swappable Pre-lubed Linear Switch4.64.6 out of 5 stars(584)300+ bought in past monthPrice, product pagePKR 19,495.71PKR19,495.71Save 26%26% off coupon appliedSave 26%with couponPKR 15,058.41 deliveryFri, Jun 5Ships to PakistanAdd to cartMore Buying ChoicesPKR 13,924.71(2+ used & new offers)",,,https://m.media-amazon.com/images/I/718cb2135RL._AC_UY218_.jpg,https://www.amazon.com/RK-ROYAL-KLUDGE-R98-Pro/dp/B0DWMX5TXV/ref=sr_1_48?crid=346Z7KIL7KAJP&dib=eyJ2IjoiMSJ9.jL7fjyKR77dYH3KL2JDK7iWEAFU_hOe6pbjfi_fEEgTz41PHEc7aX9mbIdbpp7RsSz3dl9DUJIN3rqd4nQeyJxZUOrtnaGElOdZ0baQaNYaNH1_naM0MKMm2KZ8ZF_9Z6RVODzICcs6ReLiefKNX47_Z6bm77eOoIOEzSEPv_eyckLjHLWvQGhc38wqNtGMfPTgCvDIdVdQaObNj-tZN5C7SjdNtjYmxzCh6HrMrXUY.EI7o2OrPVNPULsnFRAo8chPa3UmHhz80hujjl0tuIYI&dib_tag=se&keywords=best+gaming+keyboard&qid=1779611805&sprefix=best+gaming+keyboard%2Caps%2C680&xpid=vT6Wq3pbOmWqX
"Redragon S107KS Wireless Gaming Keyboard and Mouse, RGB Backlit, 3 Mode (Wired/2.4G/BT), Up to 10,000 DPI Gaming Mouse with Software, Ultra Lightweight 65g, 25 Key Anti-Ghosting Keyboard for PC","$15,317.46",,,,,https://m.media-amazon.com/images/I/71oqK4ixGCL._AC_UY218_.jpg,https://www.amazon.com/Redragon-S107KS-Wireless-Lightweight-Anti-Ghosting/dp/B0FDVZ5X38/ref=sr_1_49?crid=346Z7KIL7KAJP&dib=eyJ2IjoiMSJ9.lc5QsE0qqut5Oc4YMYK7k63we0tSDpPF-FcTSNzpmk-p9QopoQBLBWAE330AOyhrymikV-rZHPXzJ2veIsoyUQmzqzI1pE6TlK8aQGOdbOdEaBsghHG2qjQPKQ-zuPOGObBrZrK8v7DWdOZTqQuW5gyLIcQ18EmdqjtqT72dIHekRjhaisGn2mB7WUnc_tBvKhXEEUtoXYSh6Xwjx31xHWV5pcEdgnTtLM48hIgmTpQ.B9L5Abp6mtp7ThKGTY8M__2vaVyUlykiEF7vMSulYRI&dib_tag=se&keywords=best+gaming+keyboard&qid=1779611814&sprefix=best+gaming+keyboard%2Caps%2C680&xpid=vT6Wq3pbOmWqX
Razer Huntsman V2 Analog Gaming Keyboard: Adjustable Actuation via Analog Optical Switches - Rapid Trigger Mode - Chroma RGB Lighting - Magnetic Wrist Rest - Dedicated Media Keys & Dial - Black,"$27,676.73","PKR 69,634.71",,,,https://m.media-amazon.com/images/I/514YQ-r7HfL._AC_UY218_.jpg,https://www.amazon.com/Razer-Huntsman-Analog-Gaming-Keyboard/dp/B08QTXDBJ8/ref=sr_1_50?crid=346Z7KIL7KAJP&dib=eyJ2IjoiMSJ9.lc5QsE0qqut5Oc4YMYK7k63we0tSDpPF-FcTSNzpmk-p9QopoQBLBWAE330AOyhrymikV-rZHPXzJ2veIsoyUQmzqzI1pE6TlK8aQGOdbOdEaBsghHG2qjQPKQ-zuPOGObBrZrK8v7DWdOZTqQuW5gyLIcQ18EmdqjtqT72dIHekRjhaisGn2mB7WUnc_tBvKhXEEUtoXYSh6Xwjx31xHWV5pcEdgnTtLM48hIgmTpQ.B9L5Abp6mtp7ThKGTY8M__2vaVyUlykiEF7vMSulYRI&dib_tag=se&keywords=best+gaming+keyboard&qid=1779611814&sprefix=best+gaming+keyboard%2Caps%2C680&xpid=vT6Wq3pbOmWqX
"KLIM Chroma Wireless Keyboard – RGB Backlit Gaming, Rechargeable Battery, PC Keyboard, Durable & Water-Resistant, Compatible with PS4, PS5 & Mac - Black","$7,512.49",,,,,https://m.media-amazon.com/images/I/712aS12pD5L._AC_UY218_.jpg,https://www.amazon.com/Klim-KLIM-Chroma-Wireless-USA/dp/B07FLKYRFB/ref=sr_1_51?crid=346Z7KIL7KAJP&dib=eyJ2IjoiMSJ9.lc5QsE0qqut5Oc4YMYK7k63we0tSDpPF-FcTSNzpmk-p9QopoQBLBWAE330AOyhrymikV-rZHPXzJ2veIsoyUQmzqzI1pE6TlK8aQGOdbOdEaBsghHG2qjQPKQ-zuPOGObBrZrK8v7DWdOZTqQuW5gyLIcQ18EmdqjtqT72dIHekRjhaisGn2mB7WUnc_tBvKhXEEUtoXYSh6Xwjx31xHWV5pcEdgnTtLM48hIgmTpQ.B9L5Abp6mtp7ThKGTY8M__2vaVyUlykiEF7vMSulYRI&dib_tag=se&keywords=best+gaming+keyboard&qid=1779611814&sprefix=best+gaming+keyboard%2Caps%2C680&xpid=vT6Wq3pbOmWqX
"HITIME x XVX M67 Wireless 60% Percent Keyboard, QMK/VIA Topographic Gaming Keyboard, Tri-Mode Thocky Creamy Mechanical Key Board, Hot Swappable Gasket Mount RGB IMD Tech for Win/Mac(JadeStone)","$16,403.81","PKR 17,267.31",,,,https://m.media-amazon.com/images/I/71AgSCfi0UL._AC_UY218_.jpg,https://www.amazon.com/HITIME-Topographic-Mechanical-Swappable-JadeStone/dp/B0DM5KX694/ref=sr_1_52?crid=346Z7KIL7KAJP&dib=eyJ2IjoiMSJ9.lc5QsE0qqut5Oc4YMYK7k63we0tSDpPF-FcTSNzpmk-p9QopoQBLBWAE330AOyhrymikV-rZHPXzJ2veIsoyUQmzqzI1pE6TlK8aQGOdbOdEaBsghHG2qjQPKQ-zuPOGObBrZrK8v7DWdOZTqQuW5gyLIcQ18EmdqjtqT72dIHekRjhaisGn2mB7WUnc_tBvKhXEEUtoXYSh6Xwjx31xHWV5pcEdgnTtLM48hIgmTpQ.B9L5Abp6mtp7ThKGTY8M__2vaVyUlykiEF7vMSulYRI&dib_tag=se&keywords=best+gaming+keyboard&qid=1779611814&sprefix=best+gaming+keyboard%2Caps%2C680&xpid=vT6Wq3pbOmWqX
Razer BlackWidow V4 TKL HyperSpeed Wireless Hot Swappable Gaming Keyboard: Orange Tactile Switches - Wireless & Bluetooth - Multi-Function Roller & Control Buttons - Chroma RGB - Long Battery Life,"$41,779.71",,,,,https://m.media-amazon.com/images/I/71zigHBIuiL._AC_UY218_.jpg,https://www.amazon.com/Razer-BlackWidow-HyperSpeed-Wireless-Swappable/dp/B0FD5276Z6/ref=sr_1_53?crid=346Z7KIL7KAJP&dib=eyJ2IjoiMSJ9.lc5QsE0qqut5Oc4YMYK7k63we0tSDpPF-FcTSNzpmk-p9QopoQBLBWAE330AOyhrymikV-rZHPXzJ2veIsoyUQmzqzI1pE6TlK8aQGOdbOdEaBsghHG2qjQPKQ-zuPOGObBrZrK8v7DWdOZTqQuW5gyLIcQ18EmdqjtqT72dIHekRjhaisGn2mB7WUnc_tBvKhXEEUtoXYSh6Xwjx31xHWV5pcEdgnTtLM48hIgmTpQ.B9L5Abp6mtp7ThKGTY8M__2vaVyUlykiEF7vMSulYRI&dib_tag=se&keywords=best+gaming+keyboard&qid=1779611814&sprefix=best+gaming+keyboard%2Caps%2C680&xpid=vT6Wq3pbOmWqX
"MageGee Portable 60% Mechanical Gaming Keyboard, MK-Box LED Backlit Compact 68 Keys Mini Wired Office Keyboard with Red Switch for Windows Laptop PC Mac - Black/Grey","$7,518.06","PKR 8,353.71",,,,https://m.media-amazon.com/images/I/61fHEBY8IVL._AC_UY218_.jpg,https://www.amazon.com/Portable-Mechanical-Keyboard-MageGee-Backlit/dp/B098LG3N6R/ref=sr_1_54?crid=346Z7KIL7KAJP&dib=eyJ2IjoiMSJ9.lc5QsE0qqut5Oc4YMYK7k63we0tSDpPF-FcTSNzpmk-p9QopoQBLBWAE330AOyhrymikV-rZHPXzJ2veIsoyUQmzqzI1pE6TlK8aQGOdbOdEaBsghHG2qjQPKQ-zuPOGObBrZrK8v7DWdOZTqQuW5gyLIcQ18EmdqjtqT72dIHekRjhaisGn2mB7WUnc_tBvKhXEEUtoXYSh6Xwjx31xHWV5pcEdgnTtLM48hIgmTpQ.B9L5Abp6mtp7ThKGTY8M__2vaVyUlykiEF7vMSulYRI&dib_tag=se&keywords=best+gaming+keyboard&qid=1779611814&sprefix=best+gaming+keyboard%2Caps%2C680&xpid=vT6Wq3pbOmWqX
"GravaStar Mercury V60 Pro 60% HE Magnetic Gaming Keyboard, True 8kHz Polling Rate, 0.125ms Latency, Dynamic Rapid Trigger, 0.005mm Adjustable Actuation, Full Aluminum Frame","$55,696.07",,,,,https://m.media-amazon.com/images/I/71sERBQGrUL._AC_UY218_.jpg,https://www.amazon.com/GravaStar-V60-Magnetic-Adjustable-Actuation/dp/B0G6JZ1THM/ref=sr_1_55?crid=346Z7KIL7KAJP&dib=eyJ2IjoiMSJ9.lc5QsE0qqut5Oc4YMYK7k63we0tSDpPF-FcTSNzpmk-p9QopoQBLBWAE330AOyhrymikV-rZHPXzJ2veIsoyUQmzqzI1pE6TlK8aQGOdbOdEaBsghHG2qjQPKQ-zuPOGObBrZrK8v7DWdOZTqQuW5gyLIcQ18EmdqjtqT72dIHekRjhaisGn2mB7WUnc_tBvKhXEEUtoXYSh6Xwjx31xHWV5pcEdgnTtLM48hIgmTpQ.B9L5Abp6mtp7ThKGTY8M__2vaVyUlykiEF7vMSulYRI&dib_tag=se&keywords=best+gaming+keyboard&qid=1779611814&sprefix=best+gaming+keyboard%2Caps%2C680&xpid=vT6Wq3pbOmWqX
"RedThunder K75 Wireless Mechanical Gaming Keyboard, 75% Hot Swappable Creamy Keyboard with Knob, RGB Backlit, Pre-lubed Linear Switches, Side Engraved PBT Keycaps, Wireless/Wired/BT5.0, Gradient Gray","$19,217.16",,,,,https://m.media-amazon.com/images/I/71WXhjTVDKL._AC_UY218_.jpg,https://www.amazon.com/RedThunder-K75-Mechanical-Swappable-Connection/dp/B0FH6Y1HYN/ref=sr_1_56?crid=346Z7KIL7KAJP&dib=eyJ2IjoiMSJ9.lc5QsE0qqut5Oc4YMYK7k63we0tSDpPF-FcTSNzpmk-p9QopoQBLBWAE330AOyhrymikV-rZHPXzJ2veIsoyUQmzqzI1pE6TlK8aQGOdbOdEaBsghHG2qjQPKQ-zuPOGObBrZrK8v7DWdOZTqQuW5gyLIcQ18EmdqjtqT72dIHekRjhaisGn2mB7WUnc_tBvKhXEEUtoXYSh6Xwjx31xHWV5pcEdgnTtLM48hIgmTpQ.B9L5Abp6mtp7ThKGTY8M__2vaVyUlykiEF7vMSulYRI&dib_tag=se&keywords=best+gaming+keyboard&qid=1779611814&sprefix=best+gaming+keyboard%2Caps%2C680&xpid=vT6Wq3pbOmWqX
"RK ROYAL KLUDGE S98 Mechanical Keyboard w/Smart Display & Knob, Top Mount 96% Wireless Mechanical Keyboard BT/2.4G/USB-C, Hot Swappable, Software Support, Creamy Sounding, 98 Keys","$22,281.21","PKR 25,066.71",,,,https://m.media-amazon.com/images/I/61UxZqXGOgL._AC_UY218_.jpg,https://www.amazon.com/RK-ROYAL-KLUDGE-Mechanical-Swappable/dp/B0CQ2MSP2B/ref=sr_1_57?crid=346Z7KIL7KAJP&dib=eyJ2IjoiMSJ9.lc5QsE0qqut5Oc4YMYK7k63we0tSDpPF-FcTSNzpmk-p9QopoQBLBWAE330AOyhrymikV-rZHPXzJ2veIsoyUQmzqzI1pE6TlK8aQGOdbOdEaBsghHG2qjQPKQ-zuPOGObBrZrK8v7DWdOZTqQuW5gyLIcQ18EmdqjtqT72dIHekRjhaisGn2mB7WUnc_tBvKhXEEUtoXYSh6Xwjx31xHWV5pcEdgnTtLM48hIgmTpQ.B9L5Abp6mtp7ThKGTY8M__2vaVyUlykiEF7vMSulYRI&dib_tag=se&keywords=best+gaming+keyboard&qid=1779611814&sprefix=best+gaming+keyboard%2Caps%2C680&xpid=vT6Wq3pbOmWqX
"Corsair K65 Plus Wireless 75% RGB Mechanical Gaming Keyboard – Pre-Lubricated MLX Red Linear Switches – PBT Dye-Sub Keycaps – PC, Mac, PS5, PS4, Xbox, iPad – QWERTY NA – Black/Gray","$36,208.71","PKR 44,565.21",,,,https://m.media-amazon.com/images/I/81o8Tzb64SL._AC_UY218_.jpg,https://www.amazon.com/Corsair-Wireless-Hot-Swappable-Mechanical-Keyboard/dp/B0CQ31VFT4/ref=sr_1_58?crid=346Z7KIL7KAJP&dib=eyJ2IjoiMSJ9.lc5QsE0qqut5Oc4YMYK7k63we0tSDpPF-FcTSNzpmk-p9QopoQBLBWAE330AOyhrymikV-rZHPXzJ2veIsoyUQmzqzI1pE6TlK8aQGOdbOdEaBsghHG2qjQPKQ-zuPOGObBrZrK8v7DWdOZTqQuW5gyLIcQ18EmdqjtqT72dIHekRjhaisGn2mB7WUnc_tBvKhXEEUtoXYSh6Xwjx31xHWV5pcEdgnTtLM48hIgmTpQ.B9L5Abp6mtp7ThKGTY8M__2vaVyUlykiEF7vMSulYRI&dib_tag=se&keywords=best+gaming+keyboard&qid=1779611814&sprefix=best+gaming+keyboard%2Caps%2C680&xpid=vT6Wq3pbOmWqX
"Lenovo Legion K310 RGB Wired Gaming Keyboard - Ultra-Fast Reaction Time with Tactile Keys, Quiet Key Membrane Switches, Silent Operation, RGB Illumination - Water Resistant & Compact Design","$8,353.71","PKR 13,924.71",,,,https://m.media-amazon.com/images/I/61peKYcMY0L._AC_UY218_.jpg,https://www.amazon.com/Lenovo-Legion-K310-Gaming-Keyboard/dp/B0CV915WG6/ref=sr_1_59?crid=346Z7KIL7KAJP&dib=eyJ2IjoiMSJ9.lc5QsE0qqut5Oc4YMYK7k63we0tSDpPF-FcTSNzpmk-p9QopoQBLBWAE330AOyhrymikV-rZHPXzJ2veIsoyUQmzqzI1pE6TlK8aQGOdbOdEaBsghHG2qjQPKQ-zuPOGObBrZrK8v7DWdOZTqQuW5gyLIcQ18EmdqjtqT72dIHekRjhaisGn2mB7WUnc_tBvKhXEEUtoXYSh6Xwjx31xHWV5pcEdgnTtLM48hIgmTpQ.B9L5Abp6mtp7ThKGTY8M__2vaVyUlykiEF7vMSulYRI&dib_tag=se&keywords=best+gaming+keyboard&qid=1779611814&sprefix=best+gaming+keyboard%2Caps%2C680&xpid=vT6Wq3pbOmWqX
"Gaming Keyboard and Mouse and Mouse pad and Gaming Headset, Wired LED RGB Backlight Bundle for PC Gamers and Xbox and PS4 Users - 4 in 1 Edition Hornet RX-250","$13,924.71",,,,,https://m.media-amazon.com/images/I/71S-pQNQyIL._AC_UY218_.jpg,https://www.amazon.com/Gaming-Keyboard-Headset-Backlight-Bundle/dp/B07TVK8WJP/ref=sr_1_60?crid=346Z7KIL7KAJP&dib=eyJ2IjoiMSJ9.lc5QsE0qqut5Oc4YMYK7k63we0tSDpPF-FcTSNzpmk-p9QopoQBLBWAE330AOyhrymikV-rZHPXzJ2veIsoyUQmzqzI1pE6TlK8aQGOdbOdEaBsghHG2qjQPKQ-zuPOGObBrZrK8v7DWdOZTqQuW5gyLIcQ18EmdqjtqT72dIHekRjhaisGn2mB7WUnc_tBvKhXEEUtoXYSh6Xwjx31xHWV5pcEdgnTtLM48hIgmTpQ.B9L5Abp6mtp7ThKGTY8M__2vaVyUlykiEF7vMSulYRI&dib_tag=se&keywords=best+gaming+keyboard&qid=1779611814&sprefix=best+gaming+keyboard%2Caps%2C680&xpid=vT6Wq3pbOmWqX
"CORSAIR K70 CORE RGB Mechanical Wired Gaming Keyboard with Palmrest – Pre-Lubed MLX Red Linear Switches, SOCD, ABS Double-Shot Keycaps, Sound Dampening, Media Control Dial, QWERTY NA – Black","$30,426.02",,,,,https://m.media-amazon.com/images/I/81kMSyxh8+L._AC_UY218_.jpg,https://www.amazon.com/CORSAIR-Mechanical-Gaming-Keyboard-Palmrest/dp/B0CH3MRGK7/ref=sr_1_61?crid=346Z7KIL7KAJP&dib=eyJ2IjoiMSJ9.lc5QsE0qqut5Oc4YMYK7k63we0tSDpPF-FcTSNzpmk-p9QopoQBLBWAE330AOyhrymikV-rZHPXzJ2veIsoyUQmzqzI1pE6TlK8aQGOdbOdEaBsghHG2qjQPKQ-zuPOGObBrZrK8v7DWdOZTqQuW5gyLIcQ18EmdqjtqT72dIHekRjhaisGn2mB7WUnc_tBvKhXEEUtoXYSh6Xwjx31xHWV5pcEdgnTtLM48hIgmTpQ.B9L5Abp6mtp7ThKGTY8M__2vaVyUlykiEF7vMSulYRI&dib_tag=se&keywords=best+gaming+keyboard&qid=1779611814&sprefix=best+gaming+keyboard%2Caps%2C680&xpid=vT6Wq3pbOmWqX
"RedThunder K10 Wireless Gaming Keyboard and Mouse Combo, LED Backlit Rechargeable 3800mAh Battery, Mechanical Feel Anti-ghosting Keyboard + 7D 3200DPI Mice for PC Gamer (Black)","$13,924.71",,,,,https://m.media-amazon.com/images/I/71Y5it5Z1dL._AC_UY218_.jpg,https://www.amazon.com/RedThunder-Wireless-Rechargeable-Mechanical-Anti-ghosting/dp/B09BR46F63/ref=sr_1_62?crid=346Z7KIL7KAJP&dib=eyJ2IjoiMSJ9.lc5QsE0qqut5Oc4YMYK7k63we0tSDpPF-FcTSNzpmk-p9QopoQBLBWAE330AOyhrymikV-rZHPXzJ2veIsoyUQmzqzI1pE6TlK8aQGOdbOdEaBsghHG2qjQPKQ-zuPOGObBrZrK8v7DWdOZTqQuW5gyLIcQ18EmdqjtqT72dIHekRjhaisGn2mB7WUnc_tBvKhXEEUtoXYSh6Xwjx31xHWV5pcEdgnTtLM48hIgmTpQ.B9L5Abp6mtp7ThKGTY8M__2vaVyUlykiEF7vMSulYRI&dib_tag=se&keywords=best+gaming+keyboard&qid=1779611814&sprefix=best+gaming+keyboard%2Caps%2C680&xpid=vT6Wq3pbOmWqX
"Turtle Beach Command Series KB7 TKL Wired Gaming Keyboard, 4.3” Touchscreen Command Display, Titan Low-Profile Hall Effect Switches, Double Shot PBT Keycaps, True 8K Polling, PerKey RGB Lighting","$55,707.21",,,,,https://m.media-amazon.com/images/I/718zs87Z2vL._AC_UY218_.jpg,https://www.amazon.com/Turtle-Beach-Keyboard-Touchscreen-Low-Profile/dp/B0GWD2D7S3/ref=sr_1_63?crid=346Z7KIL7KAJP&dib=eyJ2IjoiMSJ9.lc5QsE0qqut5Oc4YMYK7k63we0tSDpPF-FcTSNzpmk-p9QopoQBLBWAE330AOyhrymikV-rZHPXzJ2veIsoyUQmzqzI1pE6TlK8aQGOdbOdEaBsghHG2qjQPKQ-zuPOGObBrZrK8v7DWdOZTqQuW5gyLIcQ18EmdqjtqT72dIHekRjhaisGn2mB7WUnc_tBvKhXEEUtoXYSh6Xwjx31xHWV5pcEdgnTtLM48hIgmTpQ.B9L5Abp6mtp7ThKGTY8M__2vaVyUlykiEF7vMSulYRI&dib_tag=se&keywords=best+gaming+keyboard&qid=1779611814&sprefix=best+gaming+keyboard%2Caps%2C680&xpid=vT6Wq3pbOmWqX
"Redragon Wireless Gaming Keyboard, Bluetooth/2.4GHz/USB-C Wired, RGB Backlit, Portable 75% Mini Quiet Macro Membrane Keyboard, Rechargeable 4000mAh Battery, Anti-Ghosting for Win/MAC","$7,518.06","PKR 9,746.46",,,,https://m.media-amazon.com/images/I/61inzrg4F+L._AC_UY218_.jpg,https://www.amazon.com/Redragon-Portable-Bluetooth-Anti-Ghosting-Rechargeable/dp/B0DXTG8K56/ref=sr_1_64?crid=346Z7KIL7KAJP&dib=eyJ2IjoiMSJ9.lc5QsE0qqut5Oc4YMYK7k63we0tSDpPF-FcTSNzpmk-p9QopoQBLBWAE330AOyhrymikV-rZHPXzJ2veIsoyUQmzqzI1pE6TlK8aQGOdbOdEaBsghHG2qjQPKQ-zuPOGObBrZrK8v7DWdOZTqQuW5gyLIcQ18EmdqjtqT72dIHekRjhaisGn2mB7WUnc_tBvKhXEEUtoXYSh6Xwjx31xHWV5pcEdgnTtLM48hIgmTpQ.B9L5Abp6mtp7ThKGTY8M__2vaVyUlykiEF7vMSulYRI&dib_tag=se&keywords=best+gaming+keyboard&qid=1779611814&sprefix=best+gaming+keyboard%2Caps%2C680&xpid=vT6Wq3pbOmWqX
"msi Forge GK600 TKL Wireless Sky - Mechanical Linear SWITCHES - Dye-Sublimated PBT Keycaps, Anti-Slip Base, RGB LED, USB 2.0, Bluetooth, 2.4 GHz - Tenkeyless","$19,495.71","PKR 27,852.21",,,,https://m.media-amazon.com/images/I/71J1cE272mL._AC_UY218_.jpg,https://www.amazon.com/MSI-Forge-GK600-TKL-Wireless-Dye-Sublimated/dp/B0DWHGCQJL/ref=sr_1_65?crid=346Z7KIL7KAJP&dib=eyJ2IjoiMSJ9.DCNrweLAJXgieNCjnoO7i9-5Z_R4aIgiXzwxDZqpAqegHLWC0bY48Kurg4wJsVSWCGeBjUNDJlH_nbWlPv-V1xwzYl0rMVUR0-QXToKMGQwp8xni7UdoOUtrTXPSBkrY2aIPbU8meXJ04Ra8MoUtbDRCzU9asla_DVXQGon4P6WLPzbPL5ubj44P_xJgOExYt729mIy1PQLaJN6VzCcnS-j0w0hQYD4WtqINDxk95g8.hl3DlBkgw06Xr8E3hkgBJwmgJGqbKls3eSVWieQFT9A&dib_tag=se&keywords=best+gaming+keyboard&qid=1779611823&sprefix=best+gaming+keyboard%2Caps%2C680&xpid=vT6Wq3pbOmWqX
"AULA F99 Pro Wireless Mechanical Keyboard-Silent Version,BT5.0/2.4GHz/USB-C Hot Swappable Custom Keyboard,Gasket Structure,Pre-lubed Linear Switches RGB Backlit Computer Gaming Keyboards,White","$21,696.26","PKR 23,924.66",,,,https://m.media-amazon.com/images/I/619EG6vA2FL._AC_UY218_.jpg,https://www.amazon.com/AULA-F99-Pro-Mechanical-Keyboard-Silent/dp/B0F8PZCDM2/ref=sr_1_66?crid=346Z7KIL7KAJP&dib=eyJ2IjoiMSJ9.DCNrweLAJXgieNCjnoO7i9-5Z_R4aIgiXzwxDZqpAqegHLWC0bY48Kurg4wJsVSWCGeBjUNDJlH_nbWlPv-V1xwzYl0rMVUR0-QXToKMGQwp8xni7UdoOUtrTXPSBkrY2aIPbU8meXJ04Ra8MoUtbDRCzU9asla_DVXQGon4P6WLPzbPL5ubj44P_xJgOExYt729mIy1PQLaJN6VzCcnS-j0w0hQYD4WtqINDxk95g8.hl3DlBkgw06Xr8E3hkgBJwmgJGqbKls3eSVWieQFT9A&dib_tag=se&keywords=best+gaming+keyboard&qid=1779611823&sprefix=best+gaming+keyboard%2Caps%2C680&xpid=vT6Wq3pbOmWqX
Razer BlackWidow V4 Mechanical Gaming Keyboard: Green Switches Tactile & Clicky - Chroma RGB - 6 Macro Keys - Magnetic Wrist Rest - Doubleshot ABS Keycaps - Roller & Media Keys - Snap Tap,,,,,,https://m.media-amazon.com/images/I/81EEknaRvIL._AC_UY218_.jpg,https://www.amazon.com/Razer-BlackWidow-Mechanical-Gaming-Keyboard/dp/B0C6RK64Z2/ref=sr_1_67?crid=346Z7KIL7KAJP&dib=eyJ2IjoiMSJ9.DCNrweLAJXgieNCjnoO7i9-5Z_R4aIgiXzwxDZqpAqegHLWC0bY48Kurg4wJsVSWCGeBjUNDJlH_nbWlPv-V1xwzYl0rMVUR0-QXToKMGQwp8xni7UdoOUtrTXPSBkrY2aIPbU8meXJ04Ra8MoUtbDRCzU9asla_DVXQGon4P6WLPzbPL5ubj44P_xJgOExYt729mIy1PQLaJN6VzCcnS-j0w0hQYD4WtqINDxk95g8.hl3DlBkgw06Xr8E3hkgBJwmgJGqbKls3eSVWieQFT9A&dib_tag=se&keywords=best+gaming+keyboard&qid=1779611823&sprefix=best+gaming+keyboard%2Caps%2C680&xpid=vT6Wq3pbOmWqX
"RK ROYAL KLUDGE S108 Typewriter Keyboard, Retro Mechanical Gaming Keyboard Wired 108 Keys with RGB Backlit Sidelight, Detachable Wrist Rest, Round Keycaps Blue Switches - Black","$16,710.21",,"RK ROYAL KLUDGE S108 Typewriter Keyboard, Retro Mechanical Gaming Keyboard Wired 108 Keys with RGB Backlit Sidelight, Detachable Wrist Rest, Round Keycaps Blue Switches - Black4.64.6 out of 5 stars(7.7K)500+ bought in past monthPrice, product pagePKR 16,710.21PKR16,710.21Save 20%20% off coupon appliedSave 20%with couponPKR 14,821.65 deliveryFri, Jun 5Ships to PakistanAdd to cart",,,https://m.media-amazon.com/images/I/71MFO2LGM5L._AC_UY218_.jpg,https://www.amazon.com/RK-ROYAL-KLUDGE-Typewriter-Collapsible/dp/B07XVCP7F5/ref=sr_1_68?crid=346Z7KIL7KAJP&dib=eyJ2IjoiMSJ9.DCNrweLAJXgieNCjnoO7i9-5Z_R4aIgiXzwxDZqpAqegHLWC0bY48Kurg4wJsVSWCGeBjUNDJlH_nbWlPv-V1xwzYl0rMVUR0-QXToKMGQwp8xni7UdoOUtrTXPSBkrY2aIPbU8meXJ04Ra8MoUtbDRCzU9asla_DVXQGon4P6WLPzbPL5ubj44P_xJgOExYt729mIy1PQLaJN6VzCcnS-j0w0hQYD4WtqINDxk95g8.hl3DlBkgw06Xr8E3hkgBJwmgJGqbKls3eSVWieQFT9A&dib_tag=se&keywords=best+gaming+keyboard&qid=1779611823&sprefix=best+gaming+keyboard%2Caps%2C680&xpid=vT6Wq3pbOmWqX
"AULA F99 Pro Wireless Mechanical Keyboard with Knob,Creamy Sound,Tri-Mode BT5.0/USB-C/2.4GHz Hot Swappable Keyboard,Gasket Structure,RGB Backlit Computer Gaming Keyboards","$21,139.16","PKR 25,038.86",,,,https://m.media-amazon.com/images/I/61FZnf-5n1L._AC_UY218_.jpg,https://www.amazon.com/AULA-F99-Pro-Mechanical-Swappable/dp/B0DKN46FXP/ref=sr_1_69?crid=346Z7KIL7KAJP&dib=eyJ2IjoiMSJ9.DCNrweLAJXgieNCjnoO7i9-5Z_R4aIgiXzwxDZqpAqegHLWC0bY48Kurg4wJsVSWCGeBjUNDJlH_nbWlPv-V1xwzYl0rMVUR0-QXToKMGQwp8xni7UdoOUtrTXPSBkrY2aIPbU8meXJ04Ra8MoUtbDRCzU9asla_DVXQGon4P6WLPzbPL5ubj44P_xJgOExYt729mIy1PQLaJN6VzCcnS-j0w0hQYD4WtqINDxk95g8.hl3DlBkgw06Xr8E3hkgBJwmgJGqbKls3eSVWieQFT9A&dib_tag=se&keywords=best+gaming+keyboard&qid=1779611823&sprefix=best+gaming+keyboard%2Caps%2C680&xpid=vT6Wq3pbOmWqX
"RK ROYAL KLUDGE R65 Wired Gaming Keyboard with Volume Knob, 60% Percent RGB Backlit Mechanical Keyboard Gasket Mount with PBT Keycaps, MDA Profile, QMK/VIA, 66 Keys Hot Swappable Cream Switch, Black","$15,317.46","PKR 16,710.21",,,,https://m.media-amazon.com/images/I/61hOhuiqrTL._AC_UY218_.jpg,https://www.amazon.com/RK-ROYAL-KLUDGE-R65-Mechanical/dp/B0CNP1BG1W/ref=sr_1_70?crid=346Z7KIL7KAJP&dib=eyJ2IjoiMSJ9.DCNrweLAJXgieNCjnoO7i9-5Z_R4aIgiXzwxDZqpAqegHLWC0bY48Kurg4wJsVSWCGeBjUNDJlH_nbWlPv-V1xwzYl0rMVUR0-QXToKMGQwp8xni7UdoOUtrTXPSBkrY2aIPbU8meXJ04Ra8MoUtbDRCzU9asla_DVXQGon4P6WLPzbPL5ubj44P_xJgOExYt729mIy1PQLaJN6VzCcnS-j0w0hQYD4WtqINDxk95g8.hl3DlBkgw06Xr8E3hkgBJwmgJGqbKls3eSVWieQFT9A&dib_tag=se&keywords=best+gaming+keyboard&qid=1779611823&sprefix=best+gaming+keyboard%2Caps%2C680&xpid=vT6Wq3pbOmWqX
"SOLAKAKA A75 75% Wireless Mechanical Keyboard, Hot Swappable Gaming Keyboard with Multifunction Knob & RGB, Gasket Mounted Creamy Keyboard, PBT Keycaps, Compact Layout for Win/Mac/PC","$15,596.01","PKR 18,381.51",,,,https://m.media-amazon.com/images/I/61-fIL1PfsL._AC_UY218_.jpg,https://www.amazon.com/SOLAKAKA-Wireless-Mechanical-Swappable-Multifunction/dp/B0FPQ8GRMB/ref=sr_1_71?crid=346Z7KIL7KAJP&dib=eyJ2IjoiMSJ9.DCNrweLAJXgieNCjnoO7i9-5Z_R4aIgiXzwxDZqpAqegHLWC0bY48Kurg4wJsVSWCGeBjUNDJlH_nbWlPv-V1xwzYl0rMVUR0-QXToKMGQwp8xni7UdoOUtrTXPSBkrY2aIPbU8meXJ04Ra8MoUtbDRCzU9asla_DVXQGon4P6WLPzbPL5ubj44P_xJgOExYt729mIy1PQLaJN6VzCcnS-j0w0hQYD4WtqINDxk95g8.hl3DlBkgw06Xr8E3hkgBJwmgJGqbKls3eSVWieQFT9A&dib_tag=se&keywords=best+gaming+keyboard&qid=1779611823&sprefix=best+gaming+keyboard%2Caps%2C680&xpid=vT6Wq3pbOmWqX
"Corsair K55 CORE TKL RGB Gaming Keyboard – Tenkeyless, 8-Zone RGB, Quiet Membrane Keys, Spill Resistant, Media Keys, 1000Hz Polling – NA Layout – Black","$12,531.96",,,,,https://m.media-amazon.com/images/I/717RHdRIhiL._AC_UY218_.jpg,https://www.amazon.com/Corsair-K55-CORE-TKL-Gaming-Keyboard/dp/B0FG8DKV2N/ref=sr_1_72?crid=346Z7KIL7KAJP&dib=eyJ2IjoiMSJ9.DCNrweLAJXgieNCjnoO7i9-5Z_R4aIgiXzwxDZqpAqegHLWC0bY48Kurg4wJsVSWCGeBjUNDJlH_nbWlPv-V1xwzYl0rMVUR0-QXToKMGQwp8xni7UdoOUtrTXPSBkrY2aIPbU8meXJ04Ra8MoUtbDRCzU9asla_DVXQGon4P6WLPzbPL5ubj44P_xJgOExYt729mIy1PQLaJN6VzCcnS-j0w0hQYD4WtqINDxk95g8.hl3DlBkgw06Xr8E3hkgBJwmgJGqbKls3eSVWieQFT9A&dib_tag=se&keywords=best+gaming+keyboard&qid=1779611823&sprefix=best+gaming+keyboard%2Caps%2C680&xpid=vT6Wq3pbOmWqX
SteelSeries New Apex 9 TKL – HotSwap Optical Mini Keyboard – TKL Esports Design – Optical Switches – RGB Customization – Aluminum Alloy Frame – Double Shot PBT Keycaps,"$38,994.21","PKR 41,779.71",,,,https://m.media-amazon.com/images/I/71Mi6qhb2aL._AC_UY218_.jpg,https://www.amazon.com/New-SteelSeries-Apex-TKL-Customization/dp/B0B169JSRT/ref=sr_1_73?crid=346Z7KIL7KAJP&dib=eyJ2IjoiMSJ9.DCNrweLAJXgieNCjnoO7i9-5Z_R4aIgiXzwxDZqpAqegHLWC0bY48Kurg4wJsVSWCGeBjUNDJlH_nbWlPv-V1xwzYl0rMVUR0-QXToKMGQwp8xni7UdoOUtrTXPSBkrY2aIPbU8meXJ04Ra8MoUtbDRCzU9asla_DVXQGon4P6WLPzbPL5ubj44P_xJgOExYt729mIy1PQLaJN6VzCcnS-j0w0hQYD4WtqINDxk95g8.hl3DlBkgw06Xr8E3hkgBJwmgJGqbKls3eSVWieQFT9A&dib_tag=se&keywords=best+gaming+keyboard&qid=1779611823&sprefix=best+gaming+keyboard%2Caps%2C680&xpid=vT6Wq3pbOmWqX
"Corsair Vanguard PRO 96 Wired Hall Effect Magnetic Mechanical Gaming Keyboard – 96% Layout, MGX Hyperdrive Switches, 8000Hz Polling, Rapid Trigger, Virtual Stream Deck, SOCD Flashtap, QWERTY US","$44,565.21","PKR 64,063.71",,,,https://m.media-amazon.com/images/I/71OlC89bOWL._AC_UY218_.jpg,https://www.amazon.com/Corsair-Vanguard-Magnetic-Mechanical-Keyboard-PC/dp/B0FKHPRZ45/ref=sr_1_74?crid=346Z7KIL7KAJP&dib=eyJ2IjoiMSJ9.DCNrweLAJXgieNCjnoO7i9-5Z_R4aIgiXzwxDZqpAqegHLWC0bY48Kurg4wJsVSWCGeBjUNDJlH_nbWlPv-V1xwzYl0rMVUR0-QXToKMGQwp8xni7UdoOUtrTXPSBkrY2aIPbU8meXJ04Ra8MoUtbDRCzU9asla_DVXQGon4P6WLPzbPL5ubj44P_xJgOExYt729mIy1PQLaJN6VzCcnS-j0w0hQYD4WtqINDxk95g8.hl3DlBkgw06Xr8E3hkgBJwmgJGqbKls3eSVWieQFT9A&dib_tag=se&keywords=best+gaming+keyboard&qid=1779611823&sprefix=best+gaming+keyboard%2Caps%2C680&xpid=vT6Wq3pbOmWqX
"RedThunder K95 Wireless Mechanical Keyboard,TFT Screen & Knob, Trip-Modes Connection, Gasket Custom Hot-Swap Keyboard, RGB Backlit, Pre-lubed Linear Switches, Side Printed PBT Keycaps, Gray Gradient","$25,066.71",,,,,https://m.media-amazon.com/images/I/71aYN36VxbL._AC_UY218_.jpg,https://www.amazon.com/RedThunder-K95-Mechanical-Trip-Modes-Connection/dp/B0DRFC52FQ/ref=sr_1_75?crid=346Z7KIL7KAJP&dib=eyJ2IjoiMSJ9.DCNrweLAJXgieNCjnoO7i9-5Z_R4aIgiXzwxDZqpAqegHLWC0bY48Kurg4wJsVSWCGeBjUNDJlH_nbWlPv-V1xwzYl0rMVUR0-QXToKMGQwp8xni7UdoOUtrTXPSBkrY2aIPbU8meXJ04Ra8MoUtbDRCzU9asla_DVXQGon4P6WLPzbPL5ubj44P_xJgOExYt729mIy1PQLaJN6VzCcnS-j0w0hQYD4WtqINDxk95g8.hl3DlBkgw06Xr8E3hkgBJwmgJGqbKls3eSVWieQFT9A&dib_tag=se&keywords=best+gaming+keyboard&qid=1779611823&sprefix=best+gaming+keyboard%2Caps%2C680&xpid=vT6Wq3pbOmWqX
"AULA F2088 Typewriter Style Mechanical Gaming Keyboard Wired,Blue Switches,Rainbow LED Backlit,Removable Wrist Rest,Media Control Knob,Retro Punk Round Keycaps,USB Wired Computer Keyboard","$12,504.11","PKR 13,646.16",,,,https://m.media-amazon.com/images/I/71XcWqobDVL._AC_UY218_.jpg,https://www.amazon.com/AULA-F2088-Mechanical-Removable-Keyboards/dp/B09DKQWTNC/ref=sr_1_76?crid=346Z7KIL7KAJP&dib=eyJ2IjoiMSJ9.DCNrweLAJXgieNCjnoO7i9-5Z_R4aIgiXzwxDZqpAqegHLWC0bY48Kurg4wJsVSWCGeBjUNDJlH_nbWlPv-V1xwzYl0rMVUR0-QXToKMGQwp8xni7UdoOUtrTXPSBkrY2aIPbU8meXJ04Ra8MoUtbDRCzU9asla_DVXQGon4P6WLPzbPL5ubj44P_xJgOExYt729mIy1PQLaJN6VzCcnS-j0w0hQYD4WtqINDxk95g8.hl3DlBkgw06Xr8E3hkgBJwmgJGqbKls3eSVWieQFT9A&dib_tag=se&keywords=best+gaming+keyboard&qid=1779611823&sprefix=best+gaming+keyboard%2Caps%2C680&xpid=vT6Wq3pbOmWqX
"Womier Retro 75% Gaming Keyboard with OLED Display&Knob, M87 Pro Bluetooth 5.1/2.4GHz /USB-C Wireless Mechanical Keyboard with Hot-Swappable Custom Switch, Compact Gamer RGB Keyboard-Grey","$17,492.94","PKR 18,414.94",,,,https://m.media-amazon.com/images/I/71dM9jhlfjL._AC_UY218_.jpg,https://www.amazon.com/Keyboard-Bluetooth-Wireless-Mechanical-Hot-Swappable/dp/B0C9THQ36P/ref=sr_1_77?crid=346Z7KIL7KAJP&dib=eyJ2IjoiMSJ9.DCNrweLAJXgieNCjnoO7i9-5Z_R4aIgiXzwxDZqpAqegHLWC0bY48Kurg4wJsVSWCGeBjUNDJlH_nbWlPv-V1xwzYl0rMVUR0-QXToKMGQwp8xni7UdoOUtrTXPSBkrY2aIPbU8meXJ04Ra8MoUtbDRCzU9asla_DVXQGon4P6WLPzbPL5ubj44P_xJgOExYt729mIy1PQLaJN6VzCcnS-j0w0hQYD4WtqINDxk95g8.hl3DlBkgw06Xr8E3hkgBJwmgJGqbKls3eSVWieQFT9A&dib_tag=se&keywords=best+gaming+keyboard&qid=1779611823&sprefix=best+gaming+keyboard%2Caps%2C680&xpid=vT6Wq3pbOmWqX
"RedThunder 60% Wireless Gaming Keyboard and Mouse Combo, 2500mAh Rechargeable Battery, Ultra-Compact Small RGB Mechanical Feel Keyboard, Lightweight Honeycomb Optical Mouse for Gaming/Business, White","$11,974.86","PKR 13,924.71",,,,https://m.media-amazon.com/images/I/71L6KWc0jAL._AC_UY218_.jpg,https://www.amazon.com/RedThunder-Rechargeable-Ultra-Compact-Mechanical-Lightweight/dp/B0CHRCY3GW/ref=sr_1_78?crid=346Z7KIL7KAJP&dib=eyJ2IjoiMSJ9.DCNrweLAJXgieNCjnoO7i9-5Z_R4aIgiXzwxDZqpAqegHLWC0bY48Kurg4wJsVSWCGeBjUNDJlH_nbWlPv-V1xwzYl0rMVUR0-QXToKMGQwp8xni7UdoOUtrTXPSBkrY2aIPbU8meXJ04Ra8MoUtbDRCzU9asla_DVXQGon4P6WLPzbPL5ubj44P_xJgOExYt729mIy1PQLaJN6VzCcnS-j0w0hQYD4WtqINDxk95g8.hl3DlBkgw06Xr8E3hkgBJwmgJGqbKls3eSVWieQFT9A&dib_tag=se&keywords=best+gaming+keyboard&qid=1779611823&sprefix=best+gaming+keyboard%2Caps%2C680&xpid=vT6Wq3pbOmWqX
Razer Ornata V3 TKL Gaming Keyboard: Low Profile Keys - Mecha Membrane Switches - UV Coated Keycaps - Backlit Media Keys - 8 Zone RGB Lighting - Spill Resistant - Magnetic Wrist Wrest Snap Tap,"$18,378.73","PKR 19,495.71",,,,https://m.media-amazon.com/images/I/71rxLrFRRwL._AC_UY218_.jpg,https://www.amazon.com/Razer-Ornata-Gaming-Keyboard-Spill-Resistant/dp/B0BVGM8GZZ/ref=sr_1_79?crid=346Z7KIL7KAJP&dib=eyJ2IjoiMSJ9.DCNrweLAJXgieNCjnoO7i9-5Z_R4aIgiXzwxDZqpAqegHLWC0bY48Kurg4wJsVSWCGeBjUNDJlH_nbWlPv-V1xwzYl0rMVUR0-QXToKMGQwp8xni7UdoOUtrTXPSBkrY2aIPbU8meXJ04Ra8MoUtbDRCzU9asla_DVXQGon4P6WLPzbPL5ubj44P_xJgOExYt729mIy1PQLaJN6VzCcnS-j0w0hQYD4WtqINDxk95g8.hl3DlBkgw06Xr8E3hkgBJwmgJGqbKls3eSVWieQFT9A&dib_tag=se&keywords=best+gaming+keyboard&qid=1779611823&sprefix=best+gaming+keyboard%2Caps%2C680&xpid=vT6Wq3pbOmWqX
"TECKNET Wired RGB Gaming Keyboard - 26-Key Anti-Ghosting, 13 Lighting Modes, Spill-Resistant, 108 Membrane Keys, Plug & Play - with Ergonomic Wrist Rest & Phone Holder for Windows/Mac (Black)","$6,682.41",,"TECKNET Wired RGB Gaming Keyboard - 26-Key Anti-Ghosting, 13 Lighting Modes, Spill-Resistant, 108 Membrane Keys, Plug & Play - with Ergonomic Wrist Rest & Phone Holder for Windows/Mac (Black)Top Reviewed for Durability4.54.5 out of 5 stars(1.8K)500+ bought in past monthPrice, product pagePKR 6,682.41PKR6,682.41Save 15%15% off coupon appliedSave 15%with couponPKR 13,754.80 deliveryThu, Jun 4Ships to PakistanRecycled materials +2 moreSustainability featuresThis product has sustainability features recognized by trusted certifications.Recycled materialsContains at least 50% recycled material.As certified byGlobal Recycled StandardLearn more about Global Recycled StandardGlobal Recycled StandardGlobal Recycled Standard (GRS) certified products contain recycled content that has been independently verified at each stage of the supply chain, from the source to the final product and meet social, environmental, and chemical requirements. The purchase of Global Recycled Standard (GRS) certified products supports the use of recycled content in the supply chain. A product must contain at least 50% certified GRS material to qualify for inclusion in Climate Pledge Friendly.Certification BodyIntertekCertification NumberTE-00337427Safer chemicalsMade with chemicals safer for human health and the environment.As certified byGlobal Recycled StandardLearn more about Global Recycled StandardGlobal Recycled StandardGlobal Recycled Standard (GRS) certified products contain recycled content that has been independently verified at each stage of the supply chain, from the source to the final product and meet social, environmental, and chemical requirements. The purchase of Global Recycled Standard (GRS) certified products supports the use of recycled content in the supply chain. A product must contain at least 50% certified GRS material to qualify for inclusion in Climate Pledge Friendly.Certification BodyIntertekCertification NumberTE-00337427Worker well-beingManufactured on farms or in facilities that protect the rights and/or health of workers.As certified byGlobal Recycled StandardLearn more about Global Recycled StandardGlobal Recycled StandardGlobal Recycled Standard (GRS) certified products contain recycled content that has been independently verified at each stage of the supply chain, from the source to the final product and meet social, environmental, and chemical requirements. The purchase of Global Recycled Standard (GRS) certified products supports the use of recycled content in the supply chain. A product must contain at least 50% certified GRS material to qualify for inclusion in Climate Pledge Friendly.Certification BodyIntertekCertification NumberTE-00337427Discover more products with sustainability features.Learn moreAdd to cartMore Buying ChoicesPKR 5,880.19(4+ used & new offers)",,,https://m.media-amazon.com/images/I/712yLwBkLoL._AC_UY218_.jpg,https://www.amazon.com/TECKNET-Gaming-Keyboard/dp/B0DQKL7R48/ref=sr_1_80?crid=346Z7KIL7KAJP&dib=eyJ2IjoiMSJ9.DCNrweLAJXgieNCjnoO7i9-5Z_R4aIgiXzwxDZqpAqegHLWC0bY48Kurg4wJsVSWCGeBjUNDJlH_nbWlPv-V1xwzYl0rMVUR0-QXToKMGQwp8xni7UdoOUtrTXPSBkrY2aIPbU8meXJ04Ra8MoUtbDRCzU9asla_DVXQGon4P6WLPzbPL5ubj44P_xJgOExYt729mIy1PQLaJN6VzCcnS-j0w0hQYD4WtqINDxk95g8.hl3DlBkgw06Xr8E3hkgBJwmgJGqbKls3eSVWieQFT9A&dib_tag=se&keywords=best+gaming+keyboard&qid=1779611823&sprefix=best+gaming+keyboard%2Caps%2C680&xpid=vT6Wq3pbOmWqX
